ticker,title,description,content,source,published_at,url,category,combined_text,content_sentiment,content_ner,content_summary,sentiment_label,sentiment_score,sentiment_confidence,sentiment_prob_positive,sentiment_prob_negative,sentiment_prob_neutral,entities,entity_orgs,summary
AAPL,Truly Unique AI Powerhouse Etches Buy Zone. Now Comes This Test.,ASML is the sole provider of EUV lithography machines vital to advanced AI chips from Nvidia and more. ASML stock is testing a breakout to a record high.,ASML is the sole provider of EUV lithography machines vital to advanced AI chips from Nvidia and more. ASML stock is testing a breakout to a record high.,Yahoo,2026-05-13 11:25:34+00:00,https://finnhub.io/api/news?id=f8d2d6602688f3d5346ebcd6214debe885e97bf85b595e20be327d2ddbe25317,company,Truly Unique AI Powerhouse Etches Buy Zone. Now Comes This Test.. Truly Unique AI Powerhouse Etches Buy Zone. Now Comes This Test.. ASML is the sole provider of EUV lithography machines vital to advanced AI chips from Nvidia and more. ASML stock is testing a breakout to a record high.,Truly Unique AI Powerhouse Etches Buy Zone. Now Comes This Test.. Truly Unique AI Powerhouse Etches Buy Zone. Now Comes This Test.. ASML is the sole provider of EUV lithography machines vital to advanced AI chips from Nvidia and more. ASML stock is testing a breakout to a record high.,Truly Unique AI Powerhouse Etches Buy Zone. Now Comes This Test.. Truly Unique AI Powerhouse Etches Buy Zone. Now Comes This Test.. ASML is the sole provider of EUV lithography machines vital to advanced AI chips from Nvidia and more. ASML stock is testing a breakout to a record high.,ASML is the sole provider of EUV lithography machines vital to advanced AI chips from Nvidia and more. ASML stock is testing a breakout to a record high.,positive,0.8482,0.8575,0.8575,0.0093,0.1332,"[{'text': 'Truly Unique AI Powerhouse', 'label': 'ORG', 'label_desc': 'Company / Organization', 'start': 66, 'end': 92}, {'text': 'ASML', 'label': 'ORG', 'label_desc': 'Company / Organization', 'start': 132, 'end': 136}, {'text': 'EUV', 'label': 'ORG', 'label_desc': 'Company / Organization', 'start': 161, 'end': 164}, {'text': 'AI', 'label': 'ORG', 'label_desc': 'Company / Organization', 'start': 204, 'end': 206}, {'text': 'Nvidia', 'label': 'GPE', 'label_desc': 'Country / City', 'start': 218, 'end': 224}]","Truly Unique AI Powerhouse, ASML, EUV, AI",
AAPL,Tesla CEO Is Heading to China. What Musk Hopes to Accomplish.,"President Trump is trying to drum up business for Tesla, and other American companies, in China this week.","President Trump is trying to drum up business for Tesla, and other American companies, in China this week.",Yahoo,2026-05-13 11:11:00+00:00,https://finnhub.io/api/news?id=df2e9b40b61fd6239b46298dac87672a2626eb998cbc84ee8b87dfec99cb33bb,company,"Tesla CEO Is Heading to China. What Musk Hopes to Accomplish.. Tesla CEO Is Heading to China. What Musk Hopes to Accomplish.. President Trump is trying to drum up business for Tesla, and other American companies, in China this week.","Tesla CEO Is Heading to China. What Musk Hopes to Accomplish.. Tesla CEO Is Heading to China. What Musk Hopes to Accomplish.. President Trump is trying to drum up business for Tesla, and other American companies, in China this week.","Tesla CEO Is Heading to China. What Musk Hopes to Accomplish.. Tesla CEO Is Heading to China. What Musk Hopes to Accomplish.. President Trump is trying to drum up business for Tesla, and other American companies, in China this week.","President Trump is trying to drum up business for Tesla, and other American companies, in China this week.",neutral,0.2752,0.6908,0.2922,0.017,0.6908,"[{'text': 'China', 'label': 'GPE', 'label_desc': 'Country / City', 'start': 24, 'end': 29}, {'text': 'Musk Hopes', 'label': 'PERSON', 'label_desc': 'Person', 'start': 36, 'end': 46}, {'text': 'Tesla', 'label': 'ORG', 'label_desc': 'Company / Organization', 'start': 63, 'end': 68}, {'text': 'Trump', 'label': 'PERSON', 'label_desc': 'Person', 'start': 136, 'end': 141}, {'text': 'this week', 'label': 'DATE', 'label_desc': 'Date / Period', 'start': 222, 'end': 231}]",Tesla,
AAPL,What the Elite Group of CEOs Joining Trump in China Says About the U.S. Economy,"President Donald Trump has put together an exclusive group of CEOs, representing the best the U.S. has to offer, to join his key summit with Chinas Xi Jinping.","President Donald Trump has put together an exclusive group of CEOs, representing the best the U.S. has to offer, to join his key summit with Chinas Xi Jinping.",Yahoo,2026-05-13 10:45:00+00:00,https://finnhub.io/api/news?id=3661f0c293c7da2a699731db4a99c4f5e38f167bb4ba87bfdd8810a54ea99842,company,"What the Elite Group of CEOs Joining Trump in China Says About the U.S. Economy. What the Elite Group of CEOs Joining Trump in China Says About the U.S. Economy. President Donald Trump has put together an exclusive group of CEOs, representing the best the U.S. has to offer, to join his key summit with Chinas Xi Jinping.","What the Elite Group of CEOs Joining Trump in China Says About the U.S. Economy. What the Elite Group of CEOs Joining Trump in China Says About the U.S. Economy. President Donald Trump has put together an exclusive group of CEOs, representing the best the U.S. has to offer, to join his key summit with Chinas Xi Jinping.","What the Elite Group of CEOs Joining Trump in China Says About the U.S. Economy. What the Elite Group of CEOs Joining Trump in China Says About the U.S. Economy. President Donald Trump has put together an exclusive group of CEOs, representing the best the U.S. has to offer, to join his key summit with Chinas Xi Jinping.","President Donald Trump has put together an exclusive group of CEOs, representing the best the U.S. has to offer, to join his key summit with Chinas Xi Jinping.",neutral,0.1039,0.8743,0.1148,0.0109,0.8743,"[{'text': 'the Elite Group', 'label': 'ORG', 'label_desc': 'Company / Organization', 'start': 5, 'end': 20}, {'text': 'Joining Trump', 'label': 'PERSON', 'label_desc': 'Person', 'start': 29, 'end': 42}, {'text': 'China', 'label': 'GPE', 'label_desc': 'Country / City', 'start': 46, 'end': 51}, {'text': 'the U.S. Economy', 'label': 'ORG', 'label_desc': 'Company / Organization', 'start': 63, 'end': 79}, {'text': 'Donald Trump', 'label': 'PERSON', 'label_desc': 'Person', 'start': 172, 'end': 184}, {'text': 'U.S', 'label': 'GPE', 'label_desc': 'Country / City', 'start': 256, 'end': 260}, {'text': 'Chinas Xi Jinping', 'label': 'PERSON', 'label_desc': 'Person', 'start': 303, 'end': 320}]","the Elite Group, the U.S. Economy",
AAPL,The SP 500 May Not Be Diversified Anymore,Apollo warns mega cap dominance is reshaping the market,Apollo warns mega cap dominance is reshaping the market,Yahoo,2026-05-13 10:38:04+00:00,https://finnhub.io/api/news?id=1b548dd729d6053142c12368a9d28e04ea86cf64b35268ccde84a2c3af41010a,company,The SP 500 May Not Be Diversified Anymore. The SP 500 May Not Be Diversified Anymore. Apollo warns mega cap dominance is reshaping the market,The SP 500 May Not Be Diversified Anymore. The SP 500 May Not Be Diversified Anymore. Apollo warns mega cap dominance is reshaping the market,The SP 500 May Not Be Diversified Anymore. The SP 500 May Not Be Diversified Anymore. Apollo warns mega cap dominance is reshaping the market,Apollo warns mega cap dominance is reshaping the market,negative,-0.9194,0.9369,0.0175,0.9369,0.0456,"[{'text': 'Apollo', 'label': 'ORG', 'label_desc': 'Company / Organization', 'start': 86, 'end': 92}]",Apollo,
AAPL,Tech Giants Are Hiding the Holes in the Stock Markets Walls,"Tech is the standout perform in a narrowing market, with oil, trade, and inflation issues brewing on the sidelines.","Tech is the standout perform in a narrowing market, with oil, trade, and inflation issues brewing on the sidelines.",Yahoo,2026-05-13 10:35:00+00:00,https://finnhub.io/api/news?id=609c71b7a1b55fd8d8dfdee36b9948892675ca46211598be70239383353ab448,company,"Tech Giants Are Hiding the Holes in the Stock Markets Walls. Tech Giants Are Hiding the Holes in the Stock Markets Walls. Tech is the standout perform in a narrowing market, with oil, trade, and inflation issues brewing on the sidelines.","Tech Giants Are Hiding the Holes in the Stock Markets Walls. Tech Giants Are Hiding the Holes in the Stock Markets Walls. Tech is the standout perform in a narrowing market, with oil, trade, and inflation issues brewing on the sidelines.","Tech Giants Are Hiding the Holes in the Stock Markets Walls. Tech Giants Are Hiding the Holes in the Stock Markets Walls. Tech is the standout perform in a narrowing market, with oil, trade, and inflation issues brewing on the sidelines.","Tech is the standout perform in a narrowing market, with oil, trade, and inflation issues brewing on the sidelines.",neutral,-0.0418,0.8521,0.0531,0.0948,0.8521,"[{'text': 'the Stock Markets Walls', 'label': 'ORG', 'label_desc': 'Company / Organization', 'start': 36, 'end': 59}]",the Stock Markets Walls,
AAPL,Is This Surging Semiconductor Stock a Buy After Its Blockbuster Deal With Nvidia?,"Corning stock has quadrupled during the past 12 months, and it probably isnt done yet.","Corning stock has quadrupled during the past 12 months, and it probably isnt done yet.",Yahoo,2026-05-13 10:30:00+00:00,https://finnhub.io/api/news?id=143edb6aeacaa10f97825a4d05ca84169688ea16c3f1fd90c6e5076ef0f14377,company,"Is This Surging Semiconductor Stock a Buy After Its Blockbuster Deal With Nvidia?. Is This Surging Semiconductor Stock a Buy After Its Blockbuster Deal With Nvidia?. Corning stock has quadrupled during the past 12 months, and it probably isnt done yet.","Is This Surging Semiconductor Stock a Buy After Its Blockbuster Deal With Nvidia?. Is This Surging Semiconductor Stock a Buy After Its Blockbuster Deal With Nvidia?. Corning stock has quadrupled during the past 12 months, and it probably isnt done yet.","Is This Surging Semiconductor Stock a Buy After Its Blockbuster Deal With Nvidia . Is This Surging Semiconductor Stock a Buy After Its Blockbuster Deal With Nvidia . Corning stock has quadrupled during the past 12 months, and it probably isnt done yet.","Corning stock has quadrupled during the past 12 months, and it probably isnt done yet.",negative,-0.3503,0.5168,0.1665,0.5168,0.3167,"[{'text': 'This Surging Semiconductor Stock', 'label': 'ORG', 'label_desc': 'Company / Organization', 'start': 3, 'end': 35}, {'text': 'the past 12 months', 'label': 'DATE', 'label_desc': 'Date / Period', 'start': 202, 'end': 220}]",This Surging Semiconductor Stock,
AAPL,Update Market Chatter Nvidia Chief Executive Jensen Huang Joins Trump China Trip,Updates include details of other CEOs in the second paragraph. Nvidia NVDA Chief Executive Je,Updates include details of other CEOs in the second paragraph. Nvidia NVDA Chief Executive Je,Yahoo,2026-05-13 10:14:34+00:00,https://finnhub.io/api/news?id=bc2a6a2e3b60abece2f5849fe64a4a7c6309a2ba30cc172111938440938eb020,company,Update Market Chatter Nvidia Chief Executive Jensen Huang Joins Trump China Trip. Update Market Chatter Nvidia Chief Executive Jensen Huang Joins Trump China Trip. Updates include details of other CEOs in the second paragraph. Nvidia NVDA Chief Executive Je,Update Market Chatter Nvidia Chief Executive Jensen Huang Joins Trump China Trip. Update Market Chatter Nvidia Chief Executive Jensen Huang Joins Trump China Trip. Updates include details of other CEOs in the second paragraph. Nvidia NVDA Chief Executive Je,Update Market Chatter Nvidia Chief Executive Jensen Huang Joins Trump China Trip. Update Market Chatter Nvidia Chief Executive Jensen Huang Joins Trump China Trip. Updates include details of other CEOs in the second paragraph. Nvidia NVDA Chief Executive Je,Updates include details of other CEOs in the second paragraph. Nvidia NVDA Chief Executive Je,neutral,-0.0603,0.8991,0.0203,0.0806,0.8991,"[{'text': 'Jensen Huang', 'label': 'PERSON', 'label_desc': 'Person', 'start': 45, 'end': 57}, {'text': 'China', 'label': 'GPE', 'label_desc': 'Country / City', 'start': 70, 'end': 75}, {'text': 'Nvidia', 'label': 'GPE', 'label_desc': 'Country / City', 'start': 227, 'end': 233}, {'text': 'Executive Je', 'label': 'PERSON', 'label_desc': 'Person', 'start': 245, 'end': 257}]",,
AAPL,Samsungs Late Galaxy Launch Hands Apple A Massive Advantage,"Apple Inc. NASDAQAAPL strengthened its position in the U.S. smartphone market during the first quarter of 2026 as analysts at Counterpoint Research said delayed rival launches, stronger carrier performance, and pressure on lower-cost Android brands reshaped industry dynamics. Apple Outperformed A Weak Smartphone Market Counterpoint Research noted on Tuesday that Apples U.S. iPhone sales volume rose 1.3% year over year in the first-quarter of 2026, while the broader U.S. smartphone market dec","Apple Inc. NASDAQAAPL strengthened its position in the U.S. smartphone market during the first quarter of 2026 as analysts at Counterpoint Research said delayed rival launches, stronger carrier performance, and pressure on lower-cost Android brands reshaped industry dynamics. Apple Outperformed A Weak Smartphone Market Counterpoint Research noted on Tuesday that Apples U.S. iPhone sales volume rose 1.3% year over year in the first-quarter of 2026, while the broader U.S. smartphone market dec",Yahoo,2026-05-13 09:51:53+00:00,https://finnhub.io/api/news?id=54f7d38fc2975a5a63ef01711b0bec57c40f00c1b3813c7a5f1add8665ef4528,company,"Samsungs Late Galaxy Launch Hands Apple A Massive Advantage. Samsungs Late Galaxy Launch Hands Apple A Massive Advantage. Apple Inc. NASDAQAAPL strengthened its position in the U.S. smartphone market during the first quarter of 2026 as analysts at Counterpoint Research said delayed rival launches, stronger carrier performance, and pressure on lower-cost Android brands reshaped industry dynamics. Apple Outperformed A Weak Smartphone Market Counterpoint Research noted on Tuesday that Apples U.S. iPhone sales volume rose 1.3% year over year in the first-quarter of 2026, while the broader U.S. smartphone market dec","Samsungs Late Galaxy Launch Hands Apple A Massive Advantage. Samsungs Late Galaxy Launch Hands Apple A Massive Advantage. Apple Inc. NASDAQAAPL strengthened its position in the U.S. smartphone market during the first quarter of 2026 as analysts at Counterpoint Research said delayed rival launches, stronger carrier performance, and pressure on lower-cost Android brands reshaped industry dynamics. Apple Outperformed A Weak Smartphone Market Counterpoint Research noted on Tuesday that Apples U.S. iPhone sales volume rose 1.3% year over year in the first-quarter of 2026, while the broader U.S. smartphone market dec","Samsungs Late Galaxy Launch Hands Apple A Massive Advantage. Samsungs Late Galaxy Launch Hands Apple A Massive Advantage. Apple Inc. NASDAQAAPL strengthened its position in the U.S. smartphone market during the first quarter of 2026 as analysts at Counterpoint Research said delayed rival launches, stronger carrier performance, and pressure on lower-cost Android brands reshaped industry dynamics. Apple Outperformed A Weak Smartphone Market Counterpoint Research noted on Tuesday that Apples U.S. iPhone sales volume rose 1.3% year over year in the first-quarter of 2026, while the broader U.S. smartphone market dec","Apple Inc. NASDAQAAPL strengthened its position in the U.S. smartphone market during the first quarter of 2026 as analysts at Counterpoint Research said delayed rival launches, stronger carrier performance, and pressure on lower-cost Android brands reshaped industry dynamics. Apple Outperformed A Weak Smartphone Market Counterpoint Research noted on Tuesday that Apples U.S. iPhone sales volume rose 1.3% year over year in the first-quarter of 2026, while the broader U.S. smartphone market dec",positive,0.9244,0.9524,0.9524,0.0281,0.0195,"[{'text': 'Apple Inc', 'label': 'ORG', 'label_desc': 'Company / Organization', 'start': 122, 'end': 132}, {'text': 'NASDAQAAPL', 'label': 'ORG', 'label_desc': 'Company / Organization', 'start': 133, 'end': 143}, {'text': 'U.S', 'label': 'GPE', 'label_desc': 'Country / City', 'start': 177, 'end': 181}, {'text': 'the first quarter of 2026', 'label': 'DATE', 'label_desc': 'Date / Period', 'start': 207, 'end': 232}, {'text': 'Counterpoint Research', 'label': 'ORG', 'label_desc': 'Company / Organization', 'start': 248, 'end': 269}, {'text': 'Android', 'label': 'ORG', 'label_desc': 'Company / Organization', 'start': 356, 'end': 363}, {'text': 'Apple Outperformed A Weak Smartphone Market Counterpoint Research', 'label': 'ORG', 'label_desc': 'Company / Organization', 'start': 399, 'end': 464}, {'text': 'Tuesday', 'label': 'DATE', 'label_desc': 'Date / Period', 'start': 474, 'end': 481}, {'text': '1.3%', 'label': 'PERCENT', 'label_desc': 'Percentage', 'start': 524, 'end': 528}, {'text': 'year over year', 'label': 'DATE', 'label_desc': 'Date / Period', 'start': 529, 'end': 543}, {'text': 'the first-quarter of 2026', 'label': 'DATE', 'label_desc': 'Date / Period', 'start': 547, 'end': 572}, {'text': 'dec', 'label': 'PERSON', 'label_desc': 'Person', 'start': 615, 'end': 618}]","Apple Inc, NASDAQAAPL, Counterpoint Research, Android, Apple Outperformed A Weak Smartphone Market Counterpoint Research",
AAPL,"Intel Slips Despite $80 Billion CPU Market Forecast, Apple Manufacturing Deal","Intel Corp secured a major boost to its foundry business after Apple Inc agreed to a manufacturing deal. Still, Intel shares are down during Tuesdays premarket session, trading 4.7% lower, as traders digest AI-related commentary highlighting intensifying competition in data-center...","Intel Corp secured a major boost to its foundry business after Apple Inc agreed to a manufacturing deal. Still, Intel shares are down during Tuesdays premarket session, trading 4.7% lower, as traders digest AI-related commentary highlighting intensifying competition in data-center...",Yahoo,2026-05-13 09:46:04+00:00,https://finnhub.io/api/news?id=5850036d66b954d3aecdbbf01c8c16365a6fd9569fe460d867b1a1321974c68f,company,"Intel Slips Despite $80 Billion CPU Market Forecast, Apple Manufacturing Deal. Intel Slips Despite $80 Billion CPU Market Forecast, Apple Manufacturing Deal. Intel Corp secured a major boost to its foundry business after Apple Inc agreed to a manufacturing deal. Still, Intel shares are down during Tuesdays premarket session, trading 4.7% lower, as traders digest AI-related commentary highlighting intensifying competition in data-center...","Intel Slips Despite $80 Billion CPU Market Forecast, Apple Manufacturing Deal. Intel Slips Despite $80 Billion CPU Market Forecast, Apple Manufacturing Deal. Intel Corp secured a major boost to its foundry business after Apple Inc agreed to a manufacturing deal. Still, Intel shares are down during Tuesdays premarket session, trading 4.7% lower, as traders digest AI-related commentary highlighting intensifying competition in data-center...","Intel Slips Despite $80 Billion CPU Market Forecast, Apple Manufacturing Deal. Intel Slips Despite $80 Billion CPU Market Forecast, Apple Manufacturing Deal. Intel Corp secured a major boost to its foundry business after Apple Inc agreed to a manufacturing deal. Still, Intel shares are down during Tuesdays premarket session, trading 4.7% lower, as traders digest AI-related commentary highlighting intensifying competition in data-center...","Intel Corp secured a major boost to its foundry business after Apple Inc agreed to a manufacturing deal. Still, Intel shares are down during Tuesdays premarket session, trading 4.7% lower, as traders digest AI-related commentary highlighting intensifying competition in data-center...",negative,-0.9647,0.9735,0.0088,0.9735,0.0177,"[{'text': 'Intel Slips Despite', 'label': 'ORG', 'label_desc': 'Company / Organization', 'start': 0, 'end': 19}, {'text': '$80 Billion', 'label': 'MONEY', 'label_desc': 'Money Amount', 'start': 20, 'end': 31}, {'text': 'Apple Manufacturing Deal', 'label': 'ORG', 'label_desc': 'Company / Organization', 'start': 53, 'end': 77}, {'text': 'Intel Slips Despite', 'label': 'PERSON', 'label_desc': 'Person', 'start': 79, 'end': 98}, {'text': 'Intel Corp', 'label': 'ORG', 'label_desc': 'Company / Organization', 'start': 158, 'end': 168}, {'text': 'Apple Inc', 'label': 'ORG', 'label_desc': 'Company / Organization', 'start': 221, 'end': 230}, {'text': 'Intel', 'label': 'ORG', 'label_desc': 'Company / Organization', 'start': 270, 'end': 275}, {'text': 'Tuesdays', 'label': 'DATE', 'label_desc': 'Date / Period', 'start': 299, 'end': 307}, {'text': '4.7%', 'label': 'PERCENT', 'label_desc': 'Percentage', 'start': 335, 'end': 339}, {'text': 'AI', 'label': 'ORG', 'label_desc': 'Company / Organization', 'start': 365, 'end': 367}]","Intel Slips Despite, Apple Manufacturing Deal, Intel Corp, Apple Inc, Intel",
AAPL,"Stock Market Today Dow Jones Futures Fall, SP 500 Gains As Trump Takes Big Tech Leaders To ChinaNvidia, Nextpower, Red Cat In Focus","U.S. stock futures were mixed on Wednesday after Mondays mostly lower close. Dow Jones futures fell, whereas SP 500 and Nasdaq 100 indices were rising. This follows President Donald Trumps visit to China along with Nvidia Corp. NASDAQNVDA CEO Jensen Huang, Tesla Inc.s NASDAQTSLA Elon Musk, Apple Inc.s NASDAQAAPL Tim Cook, BlackRock Inc.s NYSEBLK Larry Fink, and Qualcomm Inc.s NASDAQQCOM Cristiano Amon. Before leaving, Trump said on Tuesday that Americans financial struggle","U.S. stock futures were mixed on Wednesday after Mondays mostly lower close. Dow Jones futures fell, whereas SP 500 and Nasdaq 100 indices were rising. This follows President Donald Trumps visit to China along with Nvidia Corp. NASDAQNVDA CEO Jensen Huang, Tesla Inc.s NASDAQTSLA Elon Musk, Apple Inc.s NASDAQAAPL Tim Cook, BlackRock Inc.s NYSEBLK Larry Fink, and Qualcomm Inc.s NASDAQQCOM Cristiano Amon. Before leaving, Trump said on Tuesday that Americans financial struggle",Yahoo,2026-05-13 09:42:09+00:00,https://finnhub.io/api/news?id=51071c4eb65bf7dcd6911a28239e16273bf62a30ff1994b4adb870ddd0698d12,company,"Stock Market Today Dow Jones Futures Fall, SP 500 Gains As Trump Takes Big Tech Leaders To ChinaNvidia, Nextpower, Red Cat In Focus. Stock Market Today Dow Jones Futures Fall, SP 500 Gains As Trump Takes Big Tech Leaders To ChinaNvidia, Nextpower, Red Cat In Focus. U.S. stock futures were mixed on Wednesday after Mondays mostly lower close. Dow Jones futures fell, whereas SP 500 and Nasdaq 100 indices were rising. This follows President Donald Trumps visit to China along with Nvidia Corp. NASDAQNVDA CEO Jensen Huang, Tesla Inc.s NASDAQTSLA Elon Musk, Apple Inc.s NASDAQAAPL Tim Cook, BlackRock Inc.s NYSEBLK Larry Fink, and Qualcomm Inc.s NASDAQQCOM Cristiano Amon. Before leaving, Trump said on Tuesday that Americans financial struggle","Stock Market Today Dow Jones Futures Fall, SP 500 Gains As Trump Takes Big Tech Leaders To ChinaNvidia, Nextpower, Red Cat In Focus. Stock Market Today Dow Jones Futures Fall, SP 500 Gains As Trump Takes Big Tech Leaders To ChinaNvidia, Nextpower, Red Cat In Focus. U.S. stock futures were mixed on Wednesday after Mondays mostly lower close. Dow Jones futures fell, whereas SP 500 and Nasdaq 100 indices were rising. This follows President Donald Trumps visit to China along with Nvidia Corp. NASDAQNVDA CEO Jensen Huang, Tesla Inc.s NASDAQTSLA Elon Musk, Apple Inc.s NASDAQAAPL Tim Cook, BlackRock Inc.s NYSEBLK Larry Fink, and Qualcomm Inc.s NASDAQQCOM Cristiano Amon. Before leaving, Trump said on Tuesday that Americans financial struggle","Stock Market Today Dow Jones Futures Fall, SP 500 Gains As Trump Takes Big Tech Leaders To ChinaNvidia, Nextpower, Red Cat In Focus. Stock Market Today Dow Jones Futures Fall, SP 500 Gains As Trump Takes Big Tech Leaders To ChinaNvidia, Nextpower, Red Cat In Focus. U.S. stock futures were mixed on Wednesday after Mondays mostly lower close. Dow Jones futures fell, whereas SP 500 and Nasdaq 100 indices were rising. This follows President Donald Trumps visit to China along with Nvidia Corp. NASDAQNVDA CEO Jensen Huang, Tesla Inc.s NASDAQTSLA Elon Musk, Apple Inc.s NASDAQAAPL Tim Cook, BlackRock Inc.s NYSEBLK Larry Fink, and Qualcomm Inc.s NASDAQQCOM Cristiano Amon. Before leaving, Trump said on Tuesday that Americans financial struggle","U.S. stock futures were mixed on Wednesday after Mondays mostly lower close. Dow Jones futures fell, whereas SP 500 and Nasdaq 100 indices were rising. This follows President Donald Trumps visit to China along with Nvidia Corp. NASDAQNVDA CEO Jensen Huang, Tesla Inc.s NASDAQTSLA Elon Musk, Apple Inc.s NASDAQAAPL Tim Cook, BlackRock Inc.s NYSEBLK Larry Fink, and Qualcomm Inc.s NASDAQQCOM Cristiano Amon. Before leaving, Trump said on Tuesday that Americans financial struggle",negative,-0.9404,0.9549,0.0146,0.9549,0.0305,"[{'text': 'Dow Jones Futures Fall', 'label': 'ORG', 'label_desc': 'Company / Organization', 'start': 19, 'end': 41}, {'text': 'ChinaNvidia', 'label': 'ORG', 'label_desc': 'Company / Organization', 'start': 91, 'end': 102}, {'text': 'Nextpower', 'label': 'GPE', 'label_desc': 'Country / City', 'start': 104, 'end': 113}, {'text': 'Red Cat', 'label': 'ORG', 'label_desc': 'Company / Organization', 'start': 115, 'end': 122}, {'text': 'Focus', 'label': 'GPE', 'label_desc': 'Country / City', 'start': 259, 'end': 264}, {'text': 'U.S', 'label': 'GPE', 'label_desc': 'Country / City', 'start': 266, 'end': 270}, {'text': 'Wednesday', 'label': 'DATE', 'label_desc': 'Date / Period', 'start': 299, 'end': 308}, {'text': 'Mondays', 'label': 'DATE', 'label_desc': 'Date / Period', 'start': 315, 'end': 322}, {'text': 'Dow Jones', 'label': 'ORG', 'label_desc': 'Company / Organization', 'start': 343, 'end': 352}, {'text': 'SP 500', 'label': 'ORG', 'label_desc': 'Company / Organization', 'start': 375, 'end': 381}, {'text': 'Donald Trumps', 'label': 'PERSON', 'label_desc': 'Person', 'start': 441, 'end': 454}, {'text': 'China', 'label': 'GPE', 'label_desc': 'Country / City', 'start': 464, 'end': 469}, {'text': 'Nvidia Corp', 'label': 'ORG', 'label_desc': 'Company / Organization', 'start': 481, 'end': 493}, {'text': 'Jensen Huang', 'label': 'PERSON', 'label_desc': 'Person', 'start': 509, 'end': 521}, {'text': 'Apple Inc.s NASDAQAAPL Tim Cook', 'label': 'ORG', 'label_desc': 'Company / Organization', 'start': 557, 'end': 588}, {'text': 'BlackRock Inc.s NYSEBLK Larry Fink', 'label': 'ORG', 'label_desc': 'Company / Organization', 'start': 590, 'end': 624}, {'text': 'Trump', 'label': 'ORG', 'label_desc': 'Company / Organization', 'start': 688, 'end': 693}, {'text': 'Tuesday', 'label': 'DATE', 'label_desc': 'Date / Period', 'start': 702, 'end': 709}]","Dow Jones Futures Fall, ChinaNvidia, Red Cat, Dow Jones, SP 500",
AAPL,"Qualcomm, Micron Lead Brutal Chip Selloff -- Nvidia Holds Strong",Qualcomm Tumbles as Inflation Shock Sparks Semiconductor Selloff,Qualcomm Tumbles as Inflation Shock Sparks Semiconductor Selloff,Yahoo,2026-05-13 09:40:36+00:00,https://finnhub.io/api/news?id=0aad5c58ad234c639c22e5efe429b71ad6ca5165153a84b9d29523cf7958610a,company,"Qualcomm, Micron Lead Brutal Chip Selloff -- Nvidia Holds Strong. Qualcomm, Micron Lead Brutal Chip Selloff -- Nvidia Holds Strong. Qualcomm Tumbles as Inflation Shock Sparks Semiconductor Selloff","Qualcomm, Micron Lead Brutal Chip Selloff -- Nvidia Holds Strong. Qualcomm, Micron Lead Brutal Chip Selloff -- Nvidia Holds Strong. Qualcomm Tumbles as Inflation Shock Sparks Semiconductor Selloff","Qualcomm, Micron Lead Brutal Chip Selloff -- Nvidia Holds Strong. Qualcomm, Micron Lead Brutal Chip Selloff -- Nvidia Holds Strong. Qualcomm Tumbles as Inflation Shock Sparks Semiconductor Selloff",Qualcomm Tumbles as Inflation Shock Sparks Semiconductor Selloff,negative,-0.9406,0.9584,0.0178,0.9584,0.0238,"[{'text': 'Micron Lead Brutal Chip Selloff', 'label': 'PERSON', 'label_desc': 'Person', 'start': 76, 'end': 107}]",,
AAPL,Apple criticises EU measures to help AI rivals access Google services,"Apple on Wednesday echoed Googles criticism of EU antitrust regulators efforts to force the search giant to help AI rivals access its services, warning the proposed measures pose risks to privacy,...","Apple on Wednesday echoed Googles criticism of EU antitrust regulators efforts to force the search giant to help AI rivals access its services, warning the proposed measures pose risks to privacy,...",Finnhub,2026-05-13 09:15:49+00:00,https://finnhub.io/api/news?id=3295a964d11b51945d554561b973af25c7fa1b60e48c996e1378b63a51ff742e,company,"Apple criticises EU measures to help AI rivals access Google services. Apple criticises EU measures to help AI rivals access Google services. Apple on Wednesday echoed Googles criticism of EU antitrust regulators efforts to force the search giant to help AI rivals access its services, warning the proposed measures pose risks to privacy,...","Apple criticises EU measures to help AI rivals access Google services. Apple criticises EU measures to help AI rivals access Google services. Apple on Wednesday echoed Googles criticism of EU antitrust regulators efforts to force the search giant to help AI rivals access its services, warning the proposed measures pose risks to privacy,...","Apple criticises EU measures to help AI rivals access Google services. Apple criticises EU measures to help AI rivals access Google services. Apple on Wednesday echoed Googles criticism of EU antitrust regulators efforts to force the search giant to help AI rivals access its services, warning the proposed measures pose risks to privacy,...","Apple on Wednesday echoed Googles criticism of EU antitrust regulators efforts to force the search giant to help AI rivals access its services, warning the proposed measures pose risks to privacy,...",negative,-0.933,0.9451,0.0121,0.9451,0.0427,"[{'text': 'Apple', 'label': 'ORG', 'label_desc': 'Company / Organization', 'start': 0, 'end': 5}, {'text': 'EU', 'label': 'ORG', 'label_desc': 'Company / Organization', 'start': 17, 'end': 19}, {'text': 'AI', 'label': 'ORG', 'label_desc': 'Company / Organization', 'start': 37, 'end': 39}, {'text': 'Google', 'label': 'ORG', 'label_desc': 'Company / Organization', 'start': 54, 'end': 60}, {'text': 'Wednesday', 'label': 'DATE', 'label_desc': 'Date / Period', 'start': 151, 'end': 160}, {'text': 'Googles', 'label': 'PERSON', 'label_desc': 'Person', 'start': 168, 'end': 175}]","Apple, EU, AI, Google",
AAPL,Qnity Electronics Q1 2026 Earnings Call Transcript,"Qnity Electronics NYSEQ reported first-quarter financial results on Tuesday. The transcript from the companys first-quarter earnings call has been provided below. This transcript is brought to you by Benzinga APIs. For real-time access to our entire catalog, please visit for a consultation. Access the full call at Summary Qnity Electronics Inc reported an 18% year-over-year increase in net sa","Qnity Electronics NYSEQ reported first-quarter financial results on Tuesday. The transcript from the companys first-quarter earnings call has been provided below. This transcript is brought to you by Benzinga APIs. For real-time access to our entire catalog, please visit for a consultation. Access the full call at Summary Qnity Electronics Inc reported an 18% year-over-year increase in net sa",Yahoo,2026-05-13 09:05:57+00:00,https://finnhub.io/api/news?id=872cf84b70400810fd4c1ee317892081912bbc5a5a06617c29e8b7cad29fb532,company,"Qnity Electronics Q1 2026 Earnings Call Transcript. Qnity Electronics Q1 2026 Earnings Call Transcript. Qnity Electronics NYSEQ reported first-quarter financial results on Tuesday. The transcript from the companys first-quarter earnings call has been provided below. This transcript is brought to you by Benzinga APIs. For real-time access to our entire catalog, please visit for a consultation. Access the full call at Summary Qnity Electronics Inc reported an 18% year-over-year increase in net sa","Qnity Electronics Q1 2026 Earnings Call Transcript. Qnity Electronics Q1 2026 Earnings Call Transcript. Qnity Electronics NYSEQ reported first-quarter financial results on Tuesday. The transcript from the companys first-quarter earnings call has been provided below. This transcript is brought to you by Benzinga APIs. For real-time access to our entire catalog, please visit for a consultation. Access the full call at Summary Qnity Electronics Inc reported an 18% year-over-year increase in net sa","Qnity Electronics Q1 2026 Earnings Call Transcript. Qnity Electronics Q1 2026 Earnings Call Transcript. Qnity Electronics NYSEQ reported first-quarter financial results on Tuesday. The transcript from the companys first-quarter earnings call has been provided below. This transcript is brought to you by Benzinga APIs. For real-time access to our entire catalog, please visit for a consultation. Access the full call at Summary Qnity Electronics Inc reported an 18% year-over-year increase in net sa","Qnity Electronics NYSEQ reported first-quarter financial results on Tuesday. The transcript from the companys first-quarter earnings call has been provided below. This transcript is brought to you by Benzinga APIs. For real-time access to our entire catalog, please visit for a consultation. Access the full call at Summary Qnity Electronics Inc reported an 18% year-over-year increase in net sa",neutral,0.37,0.5984,0.3858,0.0158,0.5984,"[{'text': 'Qnity Electronics Q1 2026 Earnings', 'label': 'ORG', 'label_desc': 'Company / Organization', 'start': 0, 'end': 34}, {'text': 'Qnity Electronics NYSEQ', 'label': 'ORG', 'label_desc': 'Company / Organization', 'start': 104, 'end': 127}, {'text': 'first-quarter', 'label': 'DATE', 'label_desc': 'Date / Period', 'start': 137, 'end': 150}, {'text': 'Tuesday', 'label': 'DATE', 'label_desc': 'Date / Period', 'start': 172, 'end': 179}, {'text': 'Benzinga', 'label': 'PERSON', 'label_desc': 'Person', 'start': 304, 'end': 312}, {'text': 'Summary Qnity Electronics Inc', 'label': 'ORG', 'label_desc': 'Company / Organization', 'start': 420, 'end': 449}, {'text': '18%', 'label': 'PERCENT', 'label_desc': 'Percentage', 'start': 462, 'end': 465}, {'text': 'year-over-year', 'label': 'DATE', 'label_desc': 'Date / Period', 'start': 466, 'end': 480}]","Qnity Electronics Q1 2026 Earnings, Qnity Electronics NYSEQ, Summary Qnity Electronics Inc",
AAPL,"Trump Just Flew to China With Elon Musk, Larry Fink, and Jensen Huang Is a Trade Deal News About to Send Bitcoin to $90,000?","Bitcoin price climbed to a 24-hour high of $81,000 as Trump-China trade news pushed BTC toward its most structurally significant resistance in months. The question now is whether the geopolitical narrative has enough legs to carry BTC through $90,000, or whether the move is front-running an outcome that hasnt materialized ...","Bitcoin price climbed to a 24-hour high of $81,000 as Trump-China trade news pushed BTC toward its most structurally significant resistance in months. The question now is whether the geopolitical narrative has enough legs to carry BTC through $90,000, or whether the move is front-running an outcome that hasnt materialized ...",Yahoo,2026-05-13 09:03:58+00:00,https://finnhub.io/api/news?id=a199fbe514b63d08add987a17324c22230d07d2ba3fd10287c51fd238c171215,company,"Trump Just Flew to China With Elon Musk, Larry Fink, and Jensen Huang Is a Trade Deal News About to Send Bitcoin to $90,000?. Trump Just Flew to China With Elon Musk, Larry Fink, and Jensen Huang Is a Trade Deal News About to Send Bitcoin to $90,000?. Bitcoin price climbed to a 24-hour high of $81,000 as Trump-China trade news pushed BTC toward its most structurally significant resistance in months. The question now is whether the geopolitical narrative has enough legs to carry BTC through $90,000, or whether the move is front-running an outcome that hasnt materialized ...","Trump Just Flew to China With Elon Musk, Larry Fink, and Jensen Huang Is a Trade Deal News About to Send Bitcoin to $90,000?. Trump Just Flew to China With Elon Musk, Larry Fink, and Jensen Huang Is a Trade Deal News About to Send Bitcoin to $90,000?. Bitcoin price climbed to a 24-hour high of $81,000 as Trump-China trade news pushed BTC toward its most structurally significant resistance in months. The question now is whether the geopolitical narrative has enough legs to carry BTC through $90,000, or whether the move is front-running an outcome that hasnt materialized ...","Trump Just Flew to China With Elon Musk, Larry Fink, and Jensen Huang Is a Trade Deal News About to Send Bitcoin to $90,000 . Trump Just Flew to China With Elon Musk, Larry Fink, and Jensen Huang Is a Trade Deal News About to Send Bitcoin to $90,000 . Bitcoin price climbed to a 24-hour high of $81,000 as Trump-China trade news pushed BTC toward its most structurally significant resistance in months. The question now is whether the geopolitical narrative has enough legs to carry BTC through $90,000, or whether the move is front-running an outcome that hasnt materialized ...","Bitcoin price climbed to a 24-hour high of $81,000 as Trump-China trade news pushed BTC toward its most structurally significant resistance in months. The question now is whether the geopolitical narrative has enough legs to carry BTC through $90,000, or whether the move is front-running an outcome that hasnt materialized ...",positive,0.4659,0.556,0.556,0.0901,0.354,"[{'text': 'China', 'label': 'GPE', 'label_desc': 'Country / City', 'start': 19, 'end': 24}, {'text': 'Larry Fink', 'label': 'PERSON', 'label_desc': 'Person', 'start': 41, 'end': 51}, {'text': 'Jensen Huang', 'label': 'PERSON', 'label_desc': 'Person', 'start': 57, 'end': 69}, {'text': 'Send Bitcoin', 'label': 'ORG', 'label_desc': 'Company / Organization', 'start': 100, 'end': 112}, {'text': '90,000', 'label': 'MONEY', 'label_desc': 'Money Amount', 'start': 117, 'end': 123}, {'text': '81,000', 'label': 'MONEY', 'label_desc': 'Money Amount', 'start': 296, 'end': 302}, {'text': 'Trump-China', 'label': 'ORG', 'label_desc': 'Company / Organization', 'start': 306, 'end': 317}, {'text': 'months', 'label': 'DATE', 'label_desc': 'Date / Period', 'start': 395, 'end': 401}]","Send Bitcoin, Trump-China",
AAPL,Warren Buffett Reveals Why Berkshires Portfolio Hasnt Changed Much in Recent Years,Just five stocks account for 60% of Berkshires holdings -- that percentage was even higher in the past.,Just five stocks account for 60% of Berkshires holdings -- that percentage was even higher in the past.,Yahoo,2026-05-13 08:35:00+00:00,https://finnhub.io/api/news?id=53bc753b177f7d1a718b17110c0e9bb300aa32728c6d68f38296f38859ba6496,company,Warren Buffett Reveals Why Berkshires Portfolio Hasnt Changed Much in Recent Years. Warren Buffett Reveals Why Berkshires Portfolio Hasnt Changed Much in Recent Years. Just five stocks account for 60% of Berkshires holdings -- that percentage was even higher in the past.,Warren Buffett Reveals Why Berkshires Portfolio Hasnt Changed Much in Recent Years. Warren Buffett Reveals Why Berkshires Portfolio Hasnt Changed Much in Recent Years. Just five stocks account for 60% of Berkshires holdings -- that percentage was even higher in the past.,Warren Buffett Reveals Why Berkshires Portfolio Hasnt Changed Much in Recent Years. Warren Buffett Reveals Why Berkshires Portfolio Hasnt Changed Much in Recent Years. Just five stocks account for 60% of Berkshires holdings -- that percentage was even higher in the past.,Just five stocks account for 60% of Berkshires holdings -- that percentage was even higher in the past.,neutral,-0.002,0.9231,0.0374,0.0394,0.9231,"[{'text': 'Warren Buffett', 'label': 'PERSON', 'label_desc': 'Person', 'start': 0, 'end': 14}, {'text': 'Recent Years', 'label': 'DATE', 'label_desc': 'Date / Period', 'start': 70, 'end': 82}, {'text': '60%', 'label': 'PERCENT', 'label_desc': 'Percentage', 'start': 197, 'end': 200}]",,
AAPL,How to Beat the SP 500 With a Dividend ETF Give Up the Dividend.,First Trust Rising Dividend Achievers has returned an annual 15.8% over the past 10 years. But dont look too closely at its dividend.,First Trust Rising Dividend Achievers has returned an annual 15.8% over the past 10 years. But dont look too closely at its dividend.,Yahoo,2026-05-13 07:58:00+00:00,https://finnhub.io/api/news?id=d92719778e3139b81404ee7276f3bfc6d2f7ec0d7b25b142caf5ad77429469ca,company,How to Beat the SP 500 With a Dividend ETF Give Up the Dividend.. How to Beat the SP 500 With a Dividend ETF Give Up the Dividend.. First Trust Rising Dividend Achievers has returned an annual 15.8% over the past 10 years. But dont look too closely at its dividend.,How to Beat the SP 500 With a Dividend ETF Give Up the Dividend.. How to Beat the SP 500 With a Dividend ETF Give Up the Dividend.. First Trust Rising Dividend Achievers has returned an annual 15.8% over the past 10 years. But dont look too closely at its dividend.,How to Beat the SP 500 With a Dividend ETF Give Up the Dividend.. How to Beat the SP 500 With a Dividend ETF Give Up the Dividend.. First Trust Rising Dividend Achievers has returned an annual 15.8% over the past 10 years. But dont look too closely at its dividend.,First Trust Rising Dividend Achievers has returned an annual 15.8% over the past 10 years. But dont look too closely at its dividend.,positive,0.6364,0.6718,0.6718,0.0354,0.2929,"[{'text': 'Dividend', 'label': 'ORG', 'label_desc': 'Company / Organization', 'start': 30, 'end': 38}, {'text': 'First Trust Rising Dividend Achievers', 'label': 'ORG', 'label_desc': 'Company / Organization', 'start': 132, 'end': 169}, {'text': 'annual', 'label': 'DATE', 'label_desc': 'Date / Period', 'start': 186, 'end': 192}, {'text': '15.8%', 'label': 'PERCENT', 'label_desc': 'Percentage', 'start': 193, 'end': 198}, {'text': 'the past 10 years', 'label': 'DATE', 'label_desc': 'Date / Period', 'start': 204, 'end': 221}]","Dividend, First Trust Rising Dividend Achievers",
AAPL,"1 Unstoppable Stock to Buy Before It Joins Nvidia, Alphabet, Apple, and Microsoft in the $3 Trillion Club",This semiconductor leader has added more than $1 trillion in market cap over the past year. Theres likely more to come.,This semiconductor leader has added more than $1 trillion in market cap over the past year. Theres likely more to come.,Yahoo,2026-05-13 07:22:00+00:00,https://finnhub.io/api/news?id=02d9df913daa08cf4823fafe3fba7eea8fcf92797717c59563e467f6abc06dc2,company,"1 Unstoppable Stock to Buy Before It Joins Nvidia, Alphabet, Apple, and Microsoft in the $3 Trillion Club. 1 Unstoppable Stock to Buy Before It Joins Nvidia, Alphabet, Apple, and Microsoft in the $3 Trillion Club. This semiconductor leader has added more than $1 trillion in market cap over the past year. Theres likely more to come.","1 Unstoppable Stock to Buy Before It Joins Nvidia, Alphabet, Apple, and Microsoft in the $3 Trillion Club. 1 Unstoppable Stock to Buy Before It Joins Nvidia, Alphabet, Apple, and Microsoft in the $3 Trillion Club. This semiconductor leader has added more than $1 trillion in market cap over the past year. Theres likely more to come.","1 Unstoppable Stock to Buy Before It Joins Nvidia, Alphabet, Apple, and Microsoft in the $3 Trillion Club. 1 Unstoppable Stock to Buy Before It Joins Nvidia, Alphabet, Apple, and Microsoft in the $3 Trillion Club. This semiconductor leader has added more than $1 trillion in market cap over the past year. Theres likely more to come.",This semiconductor leader has added more than $1 trillion in market cap over the past year. Theres likely more to come.,neutral,0.1795,0.8011,0.1892,0.0097,0.8011,"[{'text': 'Alphabet', 'label': 'GPE', 'label_desc': 'Country / City', 'start': 51, 'end': 59}, {'text': 'Apple', 'label': 'ORG', 'label_desc': 'Company / Organization', 'start': 61, 'end': 66}, {'text': 'Microsoft', 'label': 'ORG', 'label_desc': 'Company / Organization', 'start': 72, 'end': 81}, {'text': '$3 Trillion Club', 'label': 'MONEY', 'label_desc': 'Money Amount', 'start': 89, 'end': 105}, {'text': 'more than $1 trillion', 'label': 'MONEY', 'label_desc': 'Money Amount', 'start': 250, 'end': 271}, {'text': 'the past year', 'label': 'DATE', 'label_desc': 'Date / Period', 'start': 291, 'end': 304}]","Apple, Microsoft",
AAPL,Why Are Intel INTC Shares Soaring Today,Shares of computer processor maker Intel NASDAQINTC jumped 14.1% in the afternoon session after reports surfaced that Apple has engaged in preliminary discussions with the company about manufacturing processors in the United States.,Shares of computer processor maker Intel NASDAQINTC jumped 14.1% in the afternoon session after reports surfaced that Apple has engaged in preliminary discussions with the company about manufacturing processors in the United States.,Yahoo,2026-05-13 06:28:55+00:00,https://finnhub.io/api/news?id=480499aeecc8888153a082c9847c8e6e92015c6e0536aa543ba2c52cd59ad079,company,Why Are Intel INTC Shares Soaring Today. Why Are Intel INTC Shares Soaring Today. Shares of computer processor maker Intel NASDAQINTC jumped 14.1% in the afternoon session after reports surfaced that Apple has engaged in preliminary discussions with the company about manufacturing processors in the United States.,Why Are Intel INTC Shares Soaring Today. Why Are Intel INTC Shares Soaring Today. Shares of computer processor maker Intel NASDAQINTC jumped 14.1% in the afternoon session after reports surfaced that Apple has engaged in preliminary discussions with the company about manufacturing processors in the United States.,Why Are Intel INTC Shares Soaring Today. Why Are Intel INTC Shares Soaring Today. Shares of computer processor maker Intel NASDAQINTC jumped 14.1% in the afternoon session after reports surfaced that Apple has engaged in preliminary discussions with the company about manufacturing processors in the United States.,Shares of computer processor maker Intel NASDAQINTC jumped 14.1% in the afternoon session after reports surfaced that Apple has engaged in preliminary discussions with the company about manufacturing processors in the United States.,positive,0.8563,0.9143,0.9143,0.0579,0.0278,"[{'text': 'Today', 'label': 'DATE', 'label_desc': 'Date / Period', 'start': 34, 'end': 39}, {'text': 'Intel', 'label': 'ORG', 'label_desc': 'Company / Organization', 'start': 117, 'end': 122}, {'text': '14.1%', 'label': 'PERCENT', 'label_desc': 'Percentage', 'start': 141, 'end': 146}, {'text': 'Apple', 'label': 'ORG', 'label_desc': 'Company / Organization', 'start': 200, 'end': 205}, {'text': 'the United States', 'label': 'GPE', 'label_desc': 'Country / City', 'start': 296, 'end': 313}]","Intel, Apple",
AAPL,Howard Marks Warned Me About SP 500 Valuations I Ignored Him and My Portfolio Doubled,"On a recent episode of My First Million, Sam Parr told his co-host Shaan Puri that he keeps 80% of his portfolio in the SP 500, which would not be remarkable except for who told him not to. Howard Marks, the Oaktree co-founder whose memos move money around the world, had sat in that same ... Howard Marks Warned Me About SP 500 Valuations I Ignored Him and My Portfolio Doubled","On a recent episode of My First Million, Sam Parr told his co-host Shaan Puri that he keeps 80% of his portfolio in the SP 500, which would not be remarkable except for who told him not to. Howard Marks, the Oaktree co-founder whose memos move money around the world, had sat in that same ... Howard Marks Warned Me About SP 500 Valuations I Ignored Him and My Portfolio Doubled",Yahoo,2026-05-13 06:24:05+00:00,https://finnhub.io/api/news?id=b9f9650881ed8ebf5c3f30e2e00d8a734f4507d887c62e09eb475ff02f8466de,company,"Howard Marks Warned Me About SP 500 Valuations I Ignored Him and My Portfolio Doubled. Howard Marks Warned Me About SP 500 Valuations I Ignored Him and My Portfolio Doubled. On a recent episode of My First Million, Sam Parr told his co-host Shaan Puri that he keeps 80% of his portfolio in the SP 500, which would not be remarkable except for who told him not to. Howard Marks, the Oaktree co-founder whose memos move money around the world, had sat in that same ... Howard Marks Warned Me About SP 500 Valuations I Ignored Him and My Portfolio Doubled","Howard Marks Warned Me About SP 500 Valuations I Ignored Him and My Portfolio Doubled. Howard Marks Warned Me About SP 500 Valuations I Ignored Him and My Portfolio Doubled. On a recent episode of My First Million, Sam Parr told his co-host Shaan Puri that he keeps 80% of his portfolio in the SP 500, which would not be remarkable except for who told him not to. Howard Marks, the Oaktree co-founder whose memos move money around the world, had sat in that same ... Howard Marks Warned Me About SP 500 Valuations I Ignored Him and My Portfolio Doubled","Howard Marks Warned Me About SP 500 Valuations I Ignored Him and My Portfolio Doubled. Howard Marks Warned Me About SP 500 Valuations I Ignored Him and My Portfolio Doubled. On a recent episode of My First Million, Sam Parr told his co-host Shaan Puri that he keeps 80% of his portfolio in the SP 500, which would not be remarkable except for who told him not to. Howard Marks, the Oaktree co-founder whose memos move money around the world, had sat in that same ... Howard Marks Warned Me About SP 500 Valuations I Ignored Him and My Portfolio Doubled","On a recent episode of My First Million, Sam Parr told his co-host Shaan Puri that he keeps 80% of his portfolio in the SP 500, which would not be remarkable except for who told him not to. Howard Marks, the Oaktree co-founder whose memos move money around the world, had sat in that same ... Howard Marks Warned Me About SP 500 Valuations I Ignored Him and My Portfolio Doubled",neutral,-0.0623,0.7968,0.0705,0.1328,0.7968,"[{'text': 'Howard Marks', 'label': 'PERSON', 'label_desc': 'Person', 'start': 0, 'end': 12}, {'text': 'My First Million', 'label': 'PRODUCT', 'label_desc': 'Product / Service', 'start': 197, 'end': 213}, {'text': 'Sam Parr', 'label': 'PERSON', 'label_desc': 'Person', 'start': 215, 'end': 223}, {'text': 'Shaan', 'label': 'ORG', 'label_desc': 'Company / Organization', 'start': 241, 'end': 246}, {'text': '80%', 'label': 'PERCENT', 'label_desc': 'Percentage', 'start': 266, 'end': 269}]",Shaan,
AAPL,Apple Intel Foundry Talks Put ASML At Center Of Chip Shift,"Apple and Intel are reported to be working on a foundry agreement that could trigger a multi billion euro order for ENXTAMASML lithography systems. The potential order focuses on next generation chip manufacturing capacity at a time when TSMC is delaying adoption of ASMLs latest High-NA EUV systems. This development reinforces ASMLs monopoly position in advanced lithography equipment as Western tech companies diversify their manufacturing partnerships. For readers tracking ENXTAMASML,...","Apple and Intel are reported to be working on a foundry agreement that could trigger a multi billion euro order for ENXTAMASML lithography systems. The potential order focuses on next generation chip manufacturing capacity at a time when TSMC is delaying adoption of ASMLs latest High-NA EUV systems. This development reinforces ASMLs monopoly position in advanced lithography equipment as Western tech companies diversify their manufacturing partnerships. For readers tracking ENXTAMASML,...",Yahoo,2026-05-13 06:12:59+00:00,https://finnhub.io/api/news?id=c4f8474ec8b602dcdbfeb05346483b11e1e4f1023b39b541ab9987a971f666dd,company,"Apple Intel Foundry Talks Put ASML At Center Of Chip Shift. Apple Intel Foundry Talks Put ASML At Center Of Chip Shift. Apple and Intel are reported to be working on a foundry agreement that could trigger a multi billion euro order for ENXTAMASML lithography systems. The potential order focuses on next generation chip manufacturing capacity at a time when TSMC is delaying adoption of ASMLs latest High-NA EUV systems. This development reinforces ASMLs monopoly position in advanced lithography equipment as Western tech companies diversify their manufacturing partnerships. For readers tracking ENXTAMASML,...","Apple Intel Foundry Talks Put ASML At Center Of Chip Shift. Apple Intel Foundry Talks Put ASML At Center Of Chip Shift. Apple and Intel are reported to be working on a foundry agreement that could trigger a multi billion euro order for ENXTAMASML lithography systems. The potential order focuses on next generation chip manufacturing capacity at a time when TSMC is delaying adoption of ASMLs latest High-NA EUV systems. This development reinforces ASMLs monopoly position in advanced lithography equipment as Western tech companies diversify their manufacturing partnerships. For readers tracking ENXTAMASML,...","Apple Intel Foundry Talks Put ASML At Center Of Chip Shift. Apple Intel Foundry Talks Put ASML At Center Of Chip Shift. Apple and Intel are reported to be working on a foundry agreement that could trigger a multi billion euro order for ENXTAMASML lithography systems. The potential order focuses on next generation chip manufacturing capacity at a time when TSMC is delaying adoption of ASMLs latest High-NA EUV systems. This development reinforces ASMLs monopoly position in advanced lithography equipment as Western tech companies diversify their manufacturing partnerships. For readers tracking ENXTAMASML,...","Apple and Intel are reported to be working on a foundry agreement that could trigger a multi billion euro order for ENXTAMASML lithography systems. The potential order focuses on next generation chip manufacturing capacity at a time when TSMC is delaying adoption of ASMLs latest High-NA EUV systems. This development reinforces ASMLs monopoly position in advanced lithography equipment as Western tech companies diversify their manufacturing partnerships. For readers tracking ENXTAMASML,...",positive,0.4802,0.5652,0.5652,0.0849,0.3499,"[{'text': 'Apple Intel Foundry Talks Put ASML', 'label': 'ORG', 'label_desc': 'Company / Organization', 'start': 0, 'end': 34}, {'text': 'Apple', 'label': 'ORG', 'label_desc': 'Company / Organization', 'start': 120, 'end': 125}, {'text': 'Intel', 'label': 'ORG', 'label_desc': 'Company / Organization', 'start': 130, 'end': 135}, {'text': 'ENXTAMASML', 'label': 'PRODUCT', 'label_desc': 'Product / Service', 'start': 236, 'end': 246}, {'text': 'TSMC', 'label': 'ORG', 'label_desc': 'Company / Organization', 'start': 358, 'end': 362}]","Apple Intel Foundry Talks Put ASML, Apple, Intel, TSMC",
AAPL,"Flanked by tech billionaires, Trump heads to China holding few cards",Scrolling through Donald Trumps Truth Social feed on Tuesday made for jarring reading.,Scrolling through Donald Trumps Truth Social feed on Tuesday made for jarring reading.,Yahoo,2026-05-13 05:30:00+00:00,https://finnhub.io/api/news?id=3e6f63b41ebd63f0020fd9826958a7ee45be4542e60a5ee5b7c98991fdac9e07,company,"Flanked by tech billionaires, Trump heads to China holding few cards. Flanked by tech billionaires, Trump heads to China holding few cards. Scrolling through Donald Trumps Truth Social feed on Tuesday made for jarring reading.","Flanked by tech billionaires, Trump heads to China holding few cards. Flanked by tech billionaires, Trump heads to China holding few cards. Scrolling through Donald Trumps Truth Social feed on Tuesday made for jarring reading.","Flanked by tech billionaires, Trump heads to China holding few cards. Flanked by tech billionaires, Trump heads to China holding few cards. Scrolling through Donald Trumps Truth Social feed on Tuesday made for jarring reading.",Scrolling through Donald Trumps Truth Social feed on Tuesday made for jarring reading.,neutral,-0.3101,0.6234,0.0332,0.3434,0.6234,"[{'text': 'Trump', 'label': 'ORG', 'label_desc': 'Company / Organization', 'start': 30, 'end': 35}, {'text': 'China', 'label': 'GPE', 'label_desc': 'Country / City', 'start': 45, 'end': 50}, {'text': 'Donald Trumps Truth Social', 'label': 'PERSON', 'label_desc': 'Person', 'start': 158, 'end': 184}, {'text': 'Tuesday', 'label': 'DATE', 'label_desc': 'Date / Period', 'start': 193, 'end': 200}]",Trump,
AAPL,"Dow Jones Futures Nvidias Huang Joins Trumps China Trip How To Handle Sandisk, Micron, Intel","Nvidia CEO Jensen Huang is joining President Trumps China trip. Investors need sell rules for big AI winners such as Sandisk, Micron and Intel.","Nvidia CEO Jensen Huang is joining President Trumps China trip. Investors need sell rules for big AI winners such as Sandisk, Micron and Intel.",Yahoo,2026-05-13 03:09:38+00:00,https://finnhub.io/api/news?id=964da1eaaf72a32caaacf63306beb605def5e1cbe81eb1b87a01a3e58430f7ed,company,"Dow Jones Futures Nvidias Huang Joins Trumps China Trip How To Handle Sandisk, Micron, Intel. Dow Jones Futures Nvidias Huang Joins Trumps China Trip How To Handle Sandisk, Micron, Intel. Nvidia CEO Jensen Huang is joining President Trumps China trip. Investors need sell rules for big AI winners such as Sandisk, Micron and Intel.","Dow Jones Futures Nvidias Huang Joins Trumps China Trip How To Handle Sandisk, Micron, Intel. Dow Jones Futures Nvidias Huang Joins Trumps China Trip How To Handle Sandisk, Micron, Intel. Nvidia CEO Jensen Huang is joining President Trumps China trip. Investors need sell rules for big AI winners such as Sandisk, Micron and Intel.","Dow Jones Futures Nvidias Huang Joins Trumps China Trip How To Handle Sandisk, Micron, Intel. Dow Jones Futures Nvidias Huang Joins Trumps China Trip How To Handle Sandisk, Micron, Intel. Nvidia CEO Jensen Huang is joining President Trumps China trip. Investors need sell rules for big AI winners such as Sandisk, Micron and Intel.","Nvidia CEO Jensen Huang is joining President Trumps China trip. Investors need sell rules for big AI winners such as Sandisk, Micron and Intel.",neutral,0.0166,0.932,0.0423,0.0257,0.932,"[{'text': 'Dow Jones Futures Nvidias Huang Joins', 'label': 'ORG', 'label_desc': 'Company / Organization', 'start': 0, 'end': 37}, {'text': 'Trumps', 'label': 'PERSON', 'label_desc': 'Person', 'start': 38, 'end': 44}, {'text': 'Micron', 'label': 'ORG', 'label_desc': 'Company / Organization', 'start': 79, 'end': 85}, {'text': 'Intel', 'label': 'ORG', 'label_desc': 'Company / Organization', 'start': 87, 'end': 92}, {'text': 'Nvidia', 'label': 'ORG', 'label_desc': 'Company / Organization', 'start': 188, 'end': 194}, {'text': 'Jensen Huang', 'label': 'PERSON', 'label_desc': 'Person', 'start': 199, 'end': 211}, {'text': 'Trumps China', 'label': 'PERSON', 'label_desc': 'Person', 'start': 233, 'end': 245}, {'text': 'AI', 'label': 'ORG', 'label_desc': 'Company / Organization', 'start': 286, 'end': 288}, {'text': 'Sandisk', 'label': 'ORG', 'label_desc': 'Company / Organization', 'start': 305, 'end': 312}]","Dow Jones Futures Nvidias Huang Joins, Micron, Intel, Nvidia, AI",
AAPL,"Nvidias Jensen Huang to join Trumps China visit, sources say","Nvidia CEO Jensen Huang will join over a dozen U.S. CEOs on President Donald Trumps visit to China this week, two sources familiar with the matter told Reuters on Wednesday. Huang did not appear on an initial list of executives provided by the White House earlier this week. Nvidias powerful H200 chips have not yet been sold to China, a U.S. official said last month, citing difficulties getting permission from the Chinese government.","Nvidia CEO Jensen Huang will join over a dozen U.S. CEOs on President Donald Trumps visit to China this week, two sources familiar with the matter told Reuters on Wednesday. Huang did not appear on an initial list of executives provided by the White House earlier this week. Nvidias powerful H200 chips have not yet been sold to China, a U.S. official said last month, citing difficulties getting permission from the Chinese government.",Yahoo,2026-05-13 01:34:48+00:00,https://finnhub.io/api/news?id=6e51d25d975aabae58f56fad08621e01b0aab27b116ebb7563f76813dd4ea299,company,"Nvidias Jensen Huang to join Trumps China visit, sources say. Nvidias Jensen Huang to join Trumps China visit, sources say. Nvidia CEO Jensen Huang will join over a dozen U.S. CEOs on President Donald Trumps visit to China this week, two sources familiar with the matter told Reuters on Wednesday. Huang did not appear on an initial list of executives provided by the White House earlier this week. Nvidias powerful H200 chips have not yet been sold to China, a U.S. official said last month, citing difficulties getting permission from the Chinese government.","Nvidias Jensen Huang to join Trumps China visit, sources say. Nvidias Jensen Huang to join Trumps China visit, sources say. Nvidia CEO Jensen Huang will join over a dozen U.S. CEOs on President Donald Trumps visit to China this week, two sources familiar with the matter told Reuters on Wednesday. Huang did not appear on an initial list of executives provided by the White House earlier this week. Nvidias powerful H200 chips have not yet been sold to China, a U.S. official said last month, citing difficulties getting permission from the Chinese government.","Nvidias Jensen Huang to join Trumps China visit, sources say. Nvidias Jensen Huang to join Trumps China visit, sources say. Nvidia CEO Jensen Huang will join over a dozen U.S. CEOs on President Donald Trumps visit to China this week, two sources familiar with the matter told Reuters on Wednesday. Huang did not appear on an initial list of executives provided by the White House earlier this week. Nvidias powerful H200 chips have not yet been sold to China, a U.S. official said last month, citing difficulties getting permission from the Chinese government.","Nvidia CEO Jensen Huang will join over a dozen U.S. CEOs on President Donald Trumps visit to China this week, two sources familiar with the matter told Reuters on Wednesday. Huang did not appear on an initial list of executives provided by the White House earlier this week. Nvidias powerful H200 chips have not yet been sold to China, a U.S. official said last month, citing difficulties getting permission from the Chinese government.",neutral,-0.1536,0.7583,0.044,0.1977,0.7583,"[{'text': 'Nvidias Jensen Huang', 'label': 'PERSON', 'label_desc': 'Person', 'start': 0, 'end': 20}, {'text': 'Trumps China', 'label': 'PERSON', 'label_desc': 'Person', 'start': 29, 'end': 41}, {'text': 'Nvidia', 'label': 'ORG', 'label_desc': 'Company / Organization', 'start': 124, 'end': 130}, {'text': 'Jensen Huang', 'label': 'PERSON', 'label_desc': 'Person', 'start': 135, 'end': 147}, {'text': 'U.S', 'label': 'GPE', 'label_desc': 'Country / City', 'start': 171, 'end': 175}, {'text': 'Donald Trumps', 'label': 'PERSON', 'label_desc': 'Person', 'start': 194, 'end': 207}, {'text': 'China', 'label': 'GPE', 'label_desc': 'Country / City', 'start': 217, 'end': 222}, {'text': 'this week', 'label': 'DATE', 'label_desc': 'Date / Period', 'start': 223, 'end': 232}, {'text': 'Reuters', 'label': 'ORG', 'label_desc': 'Company / Organization', 'start': 276, 'end': 283}, {'text': 'Wednesday', 'label': 'DATE', 'label_desc': 'Date / Period', 'start': 287, 'end': 296}, {'text': 'Huang', 'label': 'PERSON', 'label_desc': 'Person', 'start': 298, 'end': 303}, {'text': 'the White House', 'label': 'ORG', 'label_desc': 'Company / Organization', 'start': 364, 'end': 379}, {'text': 'earlier this week', 'label': 'DATE', 'label_desc': 'Date / Period', 'start': 380, 'end': 397}, {'text': 'H200', 'label': 'PRODUCT', 'label_desc': 'Product / Service', 'start': 416, 'end': 420}, {'text': 'last month', 'label': 'DATE', 'label_desc': 'Date / Period', 'start': 481, 'end': 491}]","Nvidia, Reuters, the White House",
AAPL,Apples India Clean Energy Push And AI Plans Test Investor Expectations,"Apple NasdaqGSAAPL has partnered with CleanMax to expand renewable energy capacity in India, directly supporting its 2030 carbon neutrality target. The company is preparing to outline a major AI strategy at its upcoming Worldwide Developers Conference, where new CEO John Ternus is expected to set the tone on AI and services. Both developments focus on India as a key operating base and on how Apple plans to develop its services and AI ecosystem. Apple, trading at $294.8, enters this news...","Apple NasdaqGSAAPL has partnered with CleanMax to expand renewable energy capacity in India, directly supporting its 2030 carbon neutrality target. The company is preparing to outline a major AI strategy at its upcoming Worldwide Developers Conference, where new CEO John Ternus is expected to set the tone on AI and services. Both developments focus on India as a key operating base and on how Apple plans to develop its services and AI ecosystem. Apple, trading at $294.8, enters this news...",Yahoo,2026-05-13 00:28:36+00:00,https://finnhub.io/api/news?id=c30d853502d9eb1baac1392dbbf875b5de8a676a6a7d9b309d2763c6da9421f2,company,"Apples India Clean Energy Push And AI Plans Test Investor Expectations. Apples India Clean Energy Push And AI Plans Test Investor Expectations. Apple NasdaqGSAAPL has partnered with CleanMax to expand renewable energy capacity in India, directly supporting its 2030 carbon neutrality target. The company is preparing to outline a major AI strategy at its upcoming Worldwide Developers Conference, where new CEO John Ternus is expected to set the tone on AI and services. Both developments focus on India as a key operating base and on how Apple plans to develop its services and AI ecosystem. Apple, trading at $294.8, enters this news...","Apples India Clean Energy Push And AI Plans Test Investor Expectations. Apples India Clean Energy Push And AI Plans Test Investor Expectations. Apple NasdaqGSAAPL has partnered with CleanMax to expand renewable energy capacity in India, directly supporting its 2030 carbon neutrality target. The company is preparing to outline a major AI strategy at its upcoming Worldwide Developers Conference, where new CEO John Ternus is expected to set the tone on AI and services. Both developments focus on India as a key operating base and on how Apple plans to develop its services and AI ecosystem. Apple, trading at $294.8, enters this news...","Apples India Clean Energy Push And AI Plans Test Investor Expectations. Apples India Clean Energy Push And AI Plans Test Investor Expectations. Apple NasdaqGSAAPL has partnered with CleanMax to expand renewable energy capacity in India, directly supporting its 2030 carbon neutrality target. The company is preparing to outline a major AI strategy at its upcoming Worldwide Developers Conference, where new CEO John Ternus is expected to set the tone on AI and services. Both developments focus on India as a key operating base and on how Apple plans to develop its services and AI ecosystem. Apple, trading at $294.8, enters this news...","Apple NasdaqGSAAPL has partnered with CleanMax to expand renewable energy capacity in India, directly supporting its 2030 carbon neutrality target. The company is preparing to outline a major AI strategy at its upcoming Worldwide Developers Conference, where new CEO John Ternus is expected to set the tone on AI and services. Both developments focus on India as a key operating base and on how Apple plans to develop its services and AI ecosystem. Apple, trading at $294.8, enters this news...",positive,0.5018,0.5141,0.5141,0.0123,0.4736,"[{'text': 'India Clean Energy', 'label': 'ORG', 'label_desc': 'Company / Organization', 'start': 7, 'end': 25}, {'text': 'Apple NasdaqGSAAPL', 'label': 'ORG', 'label_desc': 'Company / Organization', 'start': 144, 'end': 162}, {'text': 'CleanMax', 'label': 'ORG', 'label_desc': 'Company / Organization', 'start': 182, 'end': 190}, {'text': 'India', 'label': 'GPE', 'label_desc': 'Country / City', 'start': 230, 'end': 235}, {'text': '2030', 'label': 'DATE', 'label_desc': 'Date / Period', 'start': 261, 'end': 265}, {'text': 'AI', 'label': 'ORG', 'label_desc': 'Company / Organization', 'start': 336, 'end': 338}, {'text': 'Worldwide Developers Conference', 'label': 'ORG', 'label_desc': 'Company / Organization', 'start': 364, 'end': 395}, {'text': 'John Ternus', 'label': 'PERSON', 'label_desc': 'Person', 'start': 411, 'end': 422}, {'text': 'Apple', 'label': 'ORG', 'label_desc': 'Company / Organization', 'start': 539, 'end': 544}, {'text': '294.8', 'label': 'MONEY', 'label_desc': 'Money Amount', 'start': 612, 'end': 617}]","India Clean Energy, Apple NasdaqGSAAPL, CleanMax, AI, Worldwide Developers Conference",
AAPL,"Stock market today SP 500, Nasdaq futures rise with fresh PPI inflation data on deck",Focus is on the April wholesale inflation report in the wait for pdates on US-Iran talks and Trumps trip to China.,Focus is on the April wholesale inflation report in the wait for pdates on US-Iran talks and Trumps trip to China.,Yahoo,2026-05-12 22:30:45+00:00,https://finnhub.io/api/news?id=a76e13fa365b420df9feee7de0ae5dcaa6b7d1769668eceffa6f390175d3a57d,company,"Stock market today SP 500, Nasdaq futures rise with fresh PPI inflation data on deck. Stock market today SP 500, Nasdaq futures rise with fresh PPI inflation data on deck. Focus is on the April wholesale inflation report in the wait for pdates on US-Iran talks and Trumps trip to China.","Stock market today SP 500, Nasdaq futures rise with fresh PPI inflation data on deck. Stock market today SP 500, Nasdaq futures rise with fresh PPI inflation data on deck. Focus is on the April wholesale inflation report in the wait for pdates on US-Iran talks and Trumps trip to China.","Stock market today SP 500, Nasdaq futures rise with fresh PPI inflation data on deck. Stock market today SP 500, Nasdaq futures rise with fresh PPI inflation data on deck. Focus is on the April wholesale inflation report in the wait for pdates on US-Iran talks and Trumps trip to China.",Focus is on the April wholesale inflation report in the wait for pdates on US-Iran talks and Trumps trip to China.,neutral,-0.004,0.8154,0.0903,0.0943,0.8154,"[{'text': 'today', 'label': 'DATE', 'label_desc': 'Date / Period', 'start': 13, 'end': 18}, {'text': 'April', 'label': 'DATE', 'label_desc': 'Date / Period', 'start': 188, 'end': 193}, {'text': 'US', 'label': 'GPE', 'label_desc': 'Country / City', 'start': 247, 'end': 249}, {'text': 'Iran', 'label': 'GPE', 'label_desc': 'Country / City', 'start': 250, 'end': 254}, {'text': 'Trumps', 'label': 'PERSON', 'label_desc': 'Person', 'start': 265, 'end': 271}, {'text': 'China', 'label': 'GPE', 'label_desc': 'Country / City', 'start': 280, 'end': 285}]",,
AAPL,"Dow Jones Futures AI Stocks Pare Big Losses How To Handle Sandisk, Micron, Intel","The Nasdaq fell as AI and chip stocks retreated, but they came off lows. Investors need sell rules for big AI winners such as Sandisk, Micron and Intel.","The Nasdaq fell as AI and chip stocks retreated, but they came off lows. Investors need sell rules for big AI winners such as Sandisk, Micron and Intel.",Yahoo,2026-05-12 21:55:30+00:00,https://finnhub.io/api/news?id=e0ea23168185f6d74c248f53bbdbccb5587f99ae6cbbae669de33d4745bd4f86,company,"Dow Jones Futures AI Stocks Pare Big Losses How To Handle Sandisk, Micron, Intel. Dow Jones Futures AI Stocks Pare Big Losses How To Handle Sandisk, Micron, Intel. The Nasdaq fell as AI and chip stocks retreated, but they came off lows. Investors need sell rules for big AI winners such as Sandisk, Micron and Intel.","Dow Jones Futures AI Stocks Pare Big Losses How To Handle Sandisk, Micron, Intel. Dow Jones Futures AI Stocks Pare Big Losses How To Handle Sandisk, Micron, Intel. The Nasdaq fell as AI and chip stocks retreated, but they came off lows. Investors need sell rules for big AI winners such as Sandisk, Micron and Intel.","Dow Jones Futures AI Stocks Pare Big Losses How To Handle Sandisk, Micron, Intel. Dow Jones Futures AI Stocks Pare Big Losses How To Handle Sandisk, Micron, Intel. The Nasdaq fell as AI and chip stocks retreated, but they came off lows. Investors need sell rules for big AI winners such as Sandisk, Micron and Intel.","The Nasdaq fell as AI and chip stocks retreated, but they came off lows. Investors need sell rules for big AI winners such as Sandisk, Micron and Intel.",negative,-0.9174,0.9296,0.0122,0.9296,0.0582,"[{'text': 'Dow Jones Futures AI Stocks Pare Big Losses How To Handle Sandisk', 'label': 'ORG', 'label_desc': 'Company / Organization', 'start': 0, 'end': 65}, {'text': 'Micron', 'label': 'ORG', 'label_desc': 'Company / Organization', 'start': 67, 'end': 73}, {'text': 'Intel', 'label': 'ORG', 'label_desc': 'Company / Organization', 'start': 75, 'end': 80}, {'text': 'AI', 'label': 'ORG', 'label_desc': 'Company / Organization', 'start': 183, 'end': 185}, {'text': 'Sandisk', 'label': 'ORG', 'label_desc': 'Company / Organization', 'start': 290, 'end': 297}]","Dow Jones Futures AI Stocks Pare Big Losses How To Handle Sandisk, Micron, Intel, AI, Sandisk",
AAPL,Why Intel Corporation INTC Was One of the Top Blue Chip Stocks Suddenly on Fire in April,"Intel Corporation NASDAQINTC is one of the top blue chip stocks that were suddenly on fire in April. Reuters reported on May 5 that, according to Bloomberg News, Apple Inc held exploratory discussions regarding the use of Intel Corporation NASDAQINTC and Samsung Electronics for the production of the main processors for its devices. Apple executives","Intel Corporation NASDAQINTC is one of the top blue chip stocks that were suddenly on fire in April. Reuters reported on May 5 that, according to Bloomberg News, Apple Inc held exploratory discussions regarding the use of Intel Corporation NASDAQINTC and Samsung Electronics for the production of the main processors for its devices. Apple executives",Yahoo,2026-05-12 21:29:33+00:00,https://finnhub.io/api/news?id=962f63a6a0dcc804bf35ee2da0ca857b35b63292522bdffdf74f1f0bcf2256e2,company,"Why Intel Corporation INTC Was One of the Top Blue Chip Stocks Suddenly on Fire in April. Why Intel Corporation INTC Was One of the Top Blue Chip Stocks Suddenly on Fire in April. Intel Corporation NASDAQINTC is one of the top blue chip stocks that were suddenly on fire in April. Reuters reported on May 5 that, according to Bloomberg News, Apple Inc held exploratory discussions regarding the use of Intel Corporation NASDAQINTC and Samsung Electronics for the production of the main processors for its devices. Apple executives","Why Intel Corporation INTC Was One of the Top Blue Chip Stocks Suddenly on Fire in April. Why Intel Corporation INTC Was One of the Top Blue Chip Stocks Suddenly on Fire in April. Intel Corporation NASDAQINTC is one of the top blue chip stocks that were suddenly on fire in April. Reuters reported on May 5 that, according to Bloomberg News, Apple Inc held exploratory discussions regarding the use of Intel Corporation NASDAQINTC and Samsung Electronics for the production of the main processors for its devices. Apple executives","Why Intel Corporation INTC Was One of the Top Blue Chip Stocks Suddenly on Fire in April. Why Intel Corporation INTC Was One of the Top Blue Chip Stocks Suddenly on Fire in April. Intel Corporation NASDAQINTC is one of the top blue chip stocks that were suddenly on fire in April. Reuters reported on May 5 that, according to Bloomberg News, Apple Inc held exploratory discussions regarding the use of Intel Corporation NASDAQINTC and Samsung Electronics for the production of the main processors for its devices. Apple executives","Intel Corporation NASDAQINTC is one of the top blue chip stocks that were suddenly on fire in April. Reuters reported on May 5 that, according to Bloomberg News, Apple Inc held exploratory discussions regarding the use of Intel Corporation NASDAQINTC and Samsung Electronics for the production of the main processors for its devices. Apple executives",neutral,0.0138,0.8911,0.0613,0.0475,0.8911,"[{'text': 'the Top Blue Chip Stocks', 'label': 'ORG', 'label_desc': 'Company / Organization', 'start': 38, 'end': 62}, {'text': 'April', 'label': 'DATE', 'label_desc': 'Date / Period', 'start': 83, 'end': 88}, {'text': 'Intel Corporation NASDAQINTC', 'label': 'ORG', 'label_desc': 'Company / Organization', 'start': 180, 'end': 208}, {'text': 'Reuters', 'label': 'ORG', 'label_desc': 'Company / Organization', 'start': 281, 'end': 288}, {'text': 'May 5', 'label': 'DATE', 'label_desc': 'Date / Period', 'start': 301, 'end': 306}, {'text': 'Bloomberg News', 'label': 'ORG', 'label_desc': 'Company / Organization', 'start': 326, 'end': 340}, {'text': 'Apple Inc', 'label': 'ORG', 'label_desc': 'Company / Organization', 'start': 342, 'end': 351}, {'text': 'Samsung Electronics', 'label': 'ORG', 'label_desc': 'Company / Organization', 'start': 435, 'end': 454}, {'text': 'Apple', 'label': 'ORG', 'label_desc': 'Company / Organization', 'start': 514, 'end': 519}]","the Top Blue Chip Stocks, Intel Corporation NASDAQINTC, Reuters, Bloomberg News, Apple Inc",
AAPL,"Alibaba earnings, Trump Xi meet, PPI data What to Watch","Market Domination Overtime host Josh Lipton takes a look at the top stories for investors to watch on Wednesday, May 13, including President Trumps meeting with Chinese President Xi, Alibaba BABA and Cisco CSCO earnings, Aprils Producer Price Index PPI data, and commentary from Federal Reserve officials.","Market Domination Overtime host Josh Lipton takes a look at the top stories for investors to watch on Wednesday, May 13, including President Trumps meeting with Chinese President Xi, Alibaba BABA and Cisco CSCO earnings, Aprils Producer Price Index PPI data, and commentary from Federal Reserve officials.",Yahoo,2026-05-12 20:49:46+00:00,https://finnhub.io/api/news?id=5a64e3ccd5393cd48ea8afd510429352be136bf709d3169ec2060262b4afc092,company,"Alibaba earnings, Trump Xi meet, PPI data What to Watch. Alibaba earnings, Trump Xi meet, PPI data What to Watch. Market Domination Overtime host Josh Lipton takes a look at the top stories for investors to watch on Wednesday, May 13, including President Trumps meeting with Chinese President Xi, Alibaba BABA and Cisco CSCO earnings, Aprils Producer Price Index PPI data, and commentary from Federal Reserve officials.","Alibaba earnings, Trump Xi meet, PPI data What to Watch. Alibaba earnings, Trump Xi meet, PPI data What to Watch. Market Domination Overtime host Josh Lipton takes a look at the top stories for investors to watch on Wednesday, May 13, including President Trumps meeting with Chinese President Xi, Alibaba BABA and Cisco CSCO earnings, Aprils Producer Price Index PPI data, and commentary from Federal Reserve officials.","Alibaba earnings, Trump Xi meet, PPI data What to Watch. Alibaba earnings, Trump Xi meet, PPI data What to Watch. Market Domination Overtime host Josh Lipton takes a look at the top stories for investors to watch on Wednesday, May 13, including President Trumps meeting with Chinese President Xi, Alibaba BABA and Cisco CSCO earnings, Aprils Producer Price Index PPI data, and commentary from Federal Reserve officials.","Market Domination Overtime host Josh Lipton takes a look at the top stories for investors to watch on Wednesday, May 13, including President Trumps meeting with Chinese President Xi, Alibaba BABA and Cisco CSCO earnings, Aprils Producer Price Index PPI data, and commentary from Federal Reserve officials.",neutral,0.003,0.9441,0.0294,0.0265,0.9441,"[{'text': 'Trump Xi', 'label': 'PERSON', 'label_desc': 'Person', 'start': 18, 'end': 26}, {'text': 'Josh Lipton', 'label': 'PERSON', 'label_desc': 'Person', 'start': 146, 'end': 157}, {'text': 'Wednesday', 'label': 'DATE', 'label_desc': 'Date / Period', 'start': 216, 'end': 225}, {'text': 'May 13', 'label': 'DATE', 'label_desc': 'Date / Period', 'start': 227, 'end': 233}, {'text': 'Trumps', 'label': 'PERSON', 'label_desc': 'Person', 'start': 255, 'end': 261}, {'text': 'Xi', 'label': 'PERSON', 'label_desc': 'Person', 'start': 293, 'end': 295}, {'text': 'Alibaba BABA', 'label': 'PERSON', 'label_desc': 'Person', 'start': 297, 'end': 309}, {'text': 'Cisco', 'label': 'GPE', 'label_desc': 'Country / City', 'start': 314, 'end': 319}, {'text': 'Federal Reserve', 'label': 'ORG', 'label_desc': 'Company / Organization', 'start': 393, 'end': 408}]",Federal Reserve,
AAPL,Why Netflix spent so much money over the past decade,Yahoo Finance Senior Reporter Brooke DiPalma breaks down Netflixs NFLX massive spending over the past 10 years.,Yahoo Finance Senior Reporter Brooke DiPalma breaks down Netflixs NFLX massive spending over the past 10 years.,Yahoo,2026-05-12 19:33:24+00:00,https://finnhub.io/api/news?id=63f2f3da3f3a0f546b7c235e70fdc5c0b25654a991b43885dbaf1b23d6fe06c4,company,Why Netflix spent so much money over the past decade. Why Netflix spent so much money over the past decade. Yahoo Finance Senior Reporter Brooke DiPalma breaks down Netflixs NFLX massive spending over the past 10 years.,Why Netflix spent so much money over the past decade. Why Netflix spent so much money over the past decade. Yahoo Finance Senior Reporter Brooke DiPalma breaks down Netflixs NFLX massive spending over the past 10 years.,Why Netflix spent so much money over the past decade. Why Netflix spent so much money over the past decade. Yahoo Finance Senior Reporter Brooke DiPalma breaks down Netflixs NFLX massive spending over the past 10 years.,Yahoo Finance Senior Reporter Brooke DiPalma breaks down Netflixs NFLX massive spending over the past 10 years.,neutral,-0.2888,0.6184,0.0464,0.3352,0.6184,"[{'text': 'the past decade', 'label': 'DATE', 'label_desc': 'Date / Period', 'start': 37, 'end': 52}, {'text': 'Netflix', 'label': 'ORG', 'label_desc': 'Company / Organization', 'start': 58, 'end': 65}, {'text': 'Yahoo Finance Senior', 'label': 'ORG', 'label_desc': 'Company / Organization', 'start': 108, 'end': 128}, {'text': 'Brooke DiPalma', 'label': 'PERSON', 'label_desc': 'Person', 'start': 138, 'end': 152}, {'text': 'Netflixs NFLX', 'label': 'ORG', 'label_desc': 'Company / Organization', 'start': 165, 'end': 178}, {'text': 'the past 10 years', 'label': 'DATE', 'label_desc': 'Date / Period', 'start': 201, 'end': 218}]","Netflix, Yahoo Finance Senior, Netflixs NFLX",
AAPL,Tower Semiconductor poised for Q1 earnings beat on strong industry trends Wedbush,"Tower Semiconductor NASDAQTSEM is set to report first quarter earnings before the market opens Wednesday, with investors expected to focus closely on the companys long-term growth outlook and management commentary around future capacity expansion. Wedbush analysts wrote that they expect...","Tower Semiconductor NASDAQTSEM is set to report first quarter earnings before the market opens Wednesday, with investors expected to focus closely on the companys long-term growth outlook and management commentary around future capacity expansion. Wedbush analysts wrote that they expect...",Yahoo,2026-05-12 19:12:00+00:00,https://finnhub.io/api/news?id=a7516cc978a32e5cf8de9f48b6fab5a91b2ff45e4f93d5eb9e887f458e16e0fc,company,"Tower Semiconductor poised for Q1 earnings beat on strong industry trends Wedbush. Tower Semiconductor poised for Q1 earnings beat on strong industry trends Wedbush. Tower Semiconductor NASDAQTSEM is set to report first quarter earnings before the market opens Wednesday, with investors expected to focus closely on the companys long-term growth outlook and management commentary around future capacity expansion. Wedbush analysts wrote that they expect...","Tower Semiconductor poised for Q1 earnings beat on strong industry trends Wedbush. Tower Semiconductor poised for Q1 earnings beat on strong industry trends Wedbush. Tower Semiconductor NASDAQTSEM is set to report first quarter earnings before the market opens Wednesday, with investors expected to focus closely on the companys long-term growth outlook and management commentary around future capacity expansion. Wedbush analysts wrote that they expect...","Tower Semiconductor poised for Q1 earnings beat on strong industry trends Wedbush. Tower Semiconductor poised for Q1 earnings beat on strong industry trends Wedbush. Tower Semiconductor NASDAQTSEM is set to report first quarter earnings before the market opens Wednesday, with investors expected to focus closely on the companys long-term growth outlook and management commentary around future capacity expansion. Wedbush analysts wrote that they expect...","Tower Semiconductor NASDAQTSEM is set to report first quarter earnings before the market opens Wednesday, with investors expected to focus closely on the companys long-term growth outlook and management commentary around future capacity expansion. Wedbush analysts wrote that they expect...",positive,0.8325,0.8457,0.8457,0.0132,0.1411,"[{'text': 'Tower Semiconductor', 'label': 'ORG', 'label_desc': 'Company / Organization', 'start': 0, 'end': 19}, {'text': 'Wedbush', 'label': 'ORG', 'label_desc': 'Company / Organization', 'start': 74, 'end': 81}, {'text': 'NASDAQTSEM', 'label': 'ORG', 'label_desc': 'Company / Organization', 'start': 186, 'end': 196}, {'text': 'first quarter', 'label': 'DATE', 'label_desc': 'Date / Period', 'start': 214, 'end': 227}, {'text': 'Wednesday', 'label': 'DATE', 'label_desc': 'Date / Period', 'start': 261, 'end': 270}]","Tower Semiconductor, Wedbush, NASDAQTSEM",
AAPL,"Intels Big Rally Continues, But Much of the Optimism Is Already Priced In",Intels remarkable rally reflects growing investor confidence in the companys turnaround efforts and its expanding role in the AI infrastructure boom.,Intels remarkable rally reflects growing investor confidence in the companys turnaround efforts and its expanding role in the AI infrastructure boom.,Yahoo,2026-05-12 19:02:57+00:00,https://finnhub.io/api/news?id=c6ad33c5cd399c7639d19244487f0cb4faef489d7261f1ea9f04385a6390151a,company,"Intels Big Rally Continues, But Much of the Optimism Is Already Priced In. Intels Big Rally Continues, But Much of the Optimism Is Already Priced In. Intels remarkable rally reflects growing investor confidence in the companys turnaround efforts and its expanding role in the AI infrastructure boom.","Intels Big Rally Continues, But Much of the Optimism Is Already Priced In. Intels Big Rally Continues, But Much of the Optimism Is Already Priced In. Intels remarkable rally reflects growing investor confidence in the companys turnaround efforts and its expanding role in the AI infrastructure boom.","Intels Big Rally Continues, But Much of the Optimism Is Already Priced In. Intels Big Rally Continues, But Much of the Optimism Is Already Priced In. Intels remarkable rally reflects growing investor confidence in the companys turnaround efforts and its expanding role in the AI infrastructure boom.",Intels remarkable rally reflects growing investor confidence in the companys turnaround efforts and its expanding role in the AI infrastructure boom.,positive,0.927,0.9408,0.9408,0.0139,0.0453,"[{'text': 'Intels', 'label': 'ORG', 'label_desc': 'Company / Organization', 'start': 0, 'end': 6}, {'text': 'AI', 'label': 'ORG', 'label_desc': 'Company / Organization', 'start': 276, 'end': 278}]","Intels, AI",
AAPL,U.S. CEOs seek China business gains from Trump-Xi summit,"STORY Its a whos who of the business world heading to China with U.S. President Donald Trump this week as he meets with Chinese President Xi Jinping. Elon Musk, Apples Tim Cook and others will make the trip, according to a White House official.Sources say the companies hope the summit will generate enough political goodwill to unlock regulatory approvals, market access and investment opportunities.One of the sources said a critical precondition for companies to join the trip was having a QUOTE tangible ask that promised a concrete outcome or handshake deal during or after the summit.None of the companies responded to requests for comment on their goals for outcomes from the summit.In Musks case, China is weighing curbs on exports of solar manufacturing equipment to the United States, which could threaten plans by Tesla to build new factories or expand existing ones to boost local production.In March, Reuters reported that Tesla was looking to buy $2.9 billion of equipment for making solar panels from Chinese suppliers.Tesla is also seeking Chinese regulatory clearance to expand the adoption of its Full Self-Driving assistance system in the worlds largest auto market.Boeings CEO Kelly Ortberg told Reuters last month that the U.S. plane maker was counting on the Trump administration to help unlock a long-awaited major order from China.China and Boeing have been in prolonged talks for a deal that industry sources say could include 500 737 MAX jets, plus dozens of widebody jets powered by GE engines.One CEO not making the trip is Nvidias Jensen Huang, a person familiar with the matter said on Monday.Huang was not invited, the source said, with the White House focusing more on agriculture and commercial aviation matters on the current trip. Nvidia has been pushing the administration to allow it to sell some of its AI chips to Beijing.The White House did not immediately respond to a request for comment.","STORY Its a whos who of the business world heading to China with U.S. President Donald Trump this week as he meets with Chinese President Xi Jinping. Elon Musk, Apples Tim Cook and others will make the trip, according to a White House official.Sources say the companies hope the summit will generate enough political goodwill to unlock regulatory approvals, market access and investment opportunities.One of the sources said a critical precondition for companies to join the trip was having a QUOTE tangible ask that promised a concrete outcome or handshake deal during or after the summit.None of the companies responded to requests for comment on their goals for outcomes from the summit.In Musks case, China is weighing curbs on exports of solar manufacturing equipment to the United States, which could threaten plans by Tesla to build new factories or expand existing ones to boost local production.In March, Reuters reported that Tesla was looking to buy $2.9 billion of equipment for making solar panels from Chinese suppliers.Tesla is also seeking Chinese regulatory clearance to expand the adoption of its Full Self-Driving assistance system in the worlds largest auto market.Boeings CEO Kelly Ortberg told Reuters last month that the U.S. plane maker was counting on the Trump administration to help unlock a long-awaited major order from China.China and Boeing have been in prolonged talks for a deal that industry sources say could include 500 737 MAX jets, plus dozens of widebody jets powered by GE engines.One CEO not making the trip is Nvidias Jensen Huang, a person familiar with the matter said on Monday.Huang was not invited, the source said, with the White House focusing more on agriculture and commercial aviation matters on the current trip. Nvidia has been pushing the administration to allow it to sell some of its AI chips to Beijing.The White House did not immediately respond to a request for comment.",Yahoo,2026-05-12 18:16:30+00:00,https://finnhub.io/api/news?id=64f3908d96aa3bc7e2230540f99440a2eb39ef11cea20464518521ad6b3d321d,company,"U.S. CEOs seek China business gains from Trump-Xi summit. U.S. CEOs seek China business gains from Trump-Xi summit. STORY Its a whos who of the business world heading to China with U.S. President Donald Trump this week as he meets with Chinese President Xi Jinping. Elon Musk, Apples Tim Cook and others will make the trip, according to a White House official.Sources say the companies hope the summit will generate enough political goodwill to unlock regulatory approvals, market access and investment opportunities.One of the sources said a critical precondition for companies to join the trip was having a QUOTE tangible ask that promised a concrete outcome or handshake deal during or after the summit.None of the companies responded to requests for comment on their goals for outcomes from the summit.In Musks case, China is weighing curbs on exports of solar manufacturing equipment to the United States, which could threaten plans by Tesla to build new factories or expand existing ones to boost local production.In March, Reuters reported that Tesla was looking to buy $2.9 billion of equipment for making solar panels from Chinese suppliers.Tesla is also seeking Chinese regulatory clearance to expand the adoption of its Full Self-Driving assistance system in the worlds largest auto market.Boeings CEO Kelly Ortberg told Reuters last month that the U.S. plane maker was counting on the Trump administration to help unlock a long-awaited major order from China.China and Boeing have been in prolonged talks for a deal that industry sources say could include 500 737 MAX jets, plus dozens of widebody jets powered by GE engines.One CEO not making the trip is Nvidias Jensen Huang, a person familiar with the matter said on Monday.Huang was not invited, the source said, with the White House focusing more on agriculture and commercial aviation matters on the current trip. Nvidia has been pushing the administration to allow it to sell some of its AI chips to Beijing.The White House did not immediately respond to a request for comment.","U.S. CEOs seek China business gains from Trump-Xi summit. U.S. CEOs seek China business gains from Trump-Xi summit. STORY Its a whos who of the business world heading to China with U.S. President Donald Trump this week as he meets with Chinese President Xi Jinping. Elon Musk, Apples Tim Cook and others will make the trip, according to a White House official.Sources say the companies hope the summit will generate enough political goodwill to unlock regulatory approvals, market access and investment opportunities.One of the sources said a critical precondition for companies to join the trip was having a QUOTE tangible ask that promised a concrete outcome or handshake deal during or after the summit.None of the companies responded to requests for comment on their goals for outcomes from the summit.In Musks case, China is weighing curbs on exports of solar manufacturing equipment to the United States, which could threaten plans by Tesla to build new factories or expand existing ones to boost local production.In March, Reuters reported that Tesla was looking to buy $2.9 billion of equipment for making solar panels from Chinese suppliers.Tesla is also seeking Chinese regulatory clearance to expand the adoption of its Full Self-Driving assistance system in the worlds largest auto market.Boeings CEO Kelly Ortberg told Reuters last month that the U.S. plane maker was counting on the Trump administration to help unlock a long-awaited major order from China.China and Boeing have been in prolonged talks for a deal that industry sources say could include 500 737 MAX jets, plus dozens of widebody jets powered by GE engines.One CEO not making the trip is Nvidias Jensen Huang, a person familiar with the matter said on Monday.Huang was not invited, the source said, with the White House focusing more on agriculture and commercial aviation matters on the current trip. Nvidia has been pushing the administration to allow it to sell some of its AI chips to Beijing.","U.S. CEOs seek China business gains from Trump-Xi summit. U.S. CEOs seek China business gains from Trump-Xi summit. STORY Its a whos who of the business world heading to China with U.S. President Donald Trump this week as he meets with Chinese President Xi Jinping. Elon Musk, Apples Tim Cook and others will make the trip, according to a White House official.Sources say the companies hope the summit will generate enough political goodwill to unlock regulatory approvals, market access and investment opportunities.One of the sources said a critical precondition for companies to join the trip was having a QUOTE tangible ask that promised a concrete outcome or handshake deal during or after the summit.None of the companies responded to requests for comment on their goals for outcomes from the summit.In Musks case, China is weighing curbs on exports of solar manufacturing equipment to the United States, which could threaten plans by Tesla to build new factories or expand existing ones to boost local production.In March, Reuters reported that Tesla was looking to buy $2.9 billion of equipment for making solar panels from Chinese suppliers.Tesla is also seeking Chinese regulatory clearance to expand the adoption of its Full Self-Driving assistance system in the worlds largest auto market.Boeings CEO Kelly Ortberg told Reuters last month that the U.S. plane maker was counting on the Trump administration to help unlock a long-awaited major order from China.China and Boeing have been in prolonged talks for a deal that industry sources say could include 500 737 MAX jets, plus dozens of widebody jets powered by GE engines.One CEO not making the trip is Nvidias Jensen Huang, a person familiar with the matter said on Monday.Huang was not invited, the source said, with the White House focusing more on agriculture and commercial aviation matters on the current trip. Nvidia has been pushing the administration to allow it to sell some of its AI chips to Beijing.The White House did not immediately respond to a request for comment.","STORY Its a whos who of the business world heading to China with U.S. President Donald Trump this week as he meets with Chinese President Xi Jinping. Elon Musk, Apples Tim Cook and others will make the trip, according to a White House official.Sources say the companies hope the summit will generate enough political goodwill to unlock regulatory approvals, market access and investment opportunities.One of the sources said a critical precondition for companies to join the trip was having a QUOTE tangible ask that promised a concrete outcome or handshake deal during or after the summit.None of the companies responded to requests for comment on their goals for outcomes from the summit.In Musks case, China is weighing curbs on exports of solar manufacturing equipment to the United States, which could threaten plans by Tesla to build new factories or expand existing ones to boost local production.In March, Reuters reported that Tesla was looking to buy $2.9 billion of equipment for making solar panels from Chinese suppliers.Tesla is also seeking Chinese regulatory clearance to expand the adoption of its Full Self-Driving assistance system in the worlds largest auto market.Boeings CEO Kelly Ortberg told Reuters last month that the U.S. plane maker was counting on the Trump administration to help unlock a long-awaited major order from China.China and Boeing have been in prolonged talks for a deal that industry sources say could include 500 737 MAX jets, plus dozens of widebody jets powered by GE engines.One CEO not making the trip is Nvidias Jensen Huang, a person familiar with the matter said on Monday.Huang was not invited, the source said, with the White House focusing more on agriculture and commercial aviation matters on the current trip. Nvidia has been pushing the administration to allow it to sell some of its AI chips to Beijing.The White House did not immediately respond to a request for comment.",neutral,0.4501,0.5055,0.4723,0.0222,0.5055,"[{'text': 'U.S', 'label': 'GPE', 'label_desc': 'Country / City', 'start': 0, 'end': 4}, {'text': 'China', 'label': 'GPE', 'label_desc': 'Country / City', 'start': 15, 'end': 20}, {'text': 'Trump-Xi', 'label': 'ORG', 'label_desc': 'Company / Organization', 'start': 41, 'end': 49}, {'text': 'Donald Trump', 'label': 'PERSON', 'label_desc': 'Person', 'start': 196, 'end': 208}, {'text': 'this week', 'label': 'DATE', 'label_desc': 'Date / Period', 'start': 209, 'end': 218}, {'text': 'Xi Jinping', 'label': 'PERSON', 'label_desc': 'Person', 'start': 254, 'end': 264}, {'text': 'Elon Musk', 'label': 'PERSON', 'label_desc': 'Person', 'start': 266, 'end': 275}, {'text': 'Tim Cook', 'label': 'PERSON', 'label_desc': 'Person', 'start': 284, 'end': 292}, {'text': 'White House', 'label': 'ORG', 'label_desc': 'Company / Organization', 'start': 339, 'end': 350}, {'text': 'QUOTE', 'label': 'ORG', 'label_desc': 'Company / Organization', 'start': 609, 'end': 614}, {'text': 'the United States', 'label': 'GPE', 'label_desc': 'Country / City', 'start': 892, 'end': 909}, {'text': 'Tesla', 'label': 'ORG', 'label_desc': 'Company / Organization', 'start': 941, 'end': 946}, {'text': 'March', 'label': 'DATE', 'label_desc': 'Date / Period', 'start': 1023, 'end': 1028}, {'text': 'Reuters', 'label': 'ORG', 'label_desc': 'Company / Organization', 'start': 1030, 'end': 1037}, {'text': '$2.9 billion', 'label': 'MONEY', 'label_desc': 'Money Amount', 'start': 1077, 'end': 1089}, {'text': 'Full Self-Driving', 'label': 'ORG', 'label_desc': 'Company / Organization', 'start': 1231, 'end': 1248}, {'text': 'Boeings', 'label': 'ORG', 'label_desc': 'Company / Organization', 'start': 1301, 'end': 1308}, {'text': 'Kelly Ortberg', 'label': 'PERSON', 'label_desc': 'Person', 'start': 1313, 'end': 1326}, {'text': 'last month', 'label': 'DATE', 'label_desc': 'Date / Period', 'start': 1340, 'end': 1350}, {'text': 'Trump', 'label': 'PERSON', 'label_desc': 'Person', 'start': 1397, 'end': 1402}, {'text': 'Boeing', 'label': 'ORG', 'label_desc': 'Company / Organization', 'start': 1481, 'end': 1487}, {'text': 'MAX', 'label': 'ORG', 'label_desc': 'Company / Organization', 'start': 1576, 'end': 1579}, {'text': 'GE', 'label': 'ORG', 'label_desc': 'Company / Organization', 'start': 1626, 'end': 1628}, {'text': 'Nvidias Jensen Huang', 'label': 'PERSON', 'label_desc': 'Person', 'start': 1668, 'end': 1688}, {'text': 'Monday', 'label': 'DATE', 'label_desc': 'Date / Period', 'start': 1732, 'end': 1738}, {'text': 'Huang', 'label': 'PERSON', 'label_desc': 'Person', 'start': 1739, 'end': 1744}, {'text': 'the White House', 'label': 'ORG', 'label_desc': 'Company / Organization', 'start': 1784, 'end': 1799}, {'text': 'Nvidia', 'label': 'ORG', 'label_desc': 'Company / Organization', 'start': 1882, 'end': 1888}, {'text': 'AI', 'label': 'ORG', 'label_desc': 'Company / Organization', 'start': 1957, 'end': 1959}, {'text': 'Beijing', 'label': 'GPE', 'label_desc': 'Country / City', 'start': 1969, 'end': 1976}]","Trump-Xi, White House, QUOTE, Tesla, Reuters",
AAPL,Apple Inc AAPL Partners with CleanMax to Enhance Renewable Energy Capacity in India,"Apple Inc. NASDAQAAPL is one of the top tech stocks in Louis Navelliers portfolio. On May 7, Apple unveiled new initiatives aimed at expanding renewable energy infrastructure, reducing plastic pollution, and fostering green entrepreneurship in India. The company has inked a strategic partnership with clean energy developer CleanMax as part of a new effort to","Apple Inc. NASDAQAAPL is one of the top tech stocks in Louis Navelliers portfolio. On May 7, Apple unveiled new initiatives aimed at expanding renewable energy infrastructure, reducing plastic pollution, and fostering green entrepreneurship in India. The company has inked a strategic partnership with clean energy developer CleanMax as part of a new effort to",Yahoo,2026-05-12 18:14:05+00:00,https://finnhub.io/api/news?id=d831b88f4ac9953ce3770677cedb46cc3ed86fece4fbc4ee9b09c9b8ebe8aad6,company,"Apple Inc AAPL Partners with CleanMax to Enhance Renewable Energy Capacity in India. Apple Inc AAPL Partners with CleanMax to Enhance Renewable Energy Capacity in India. Apple Inc. NASDAQAAPL is one of the top tech stocks in Louis Navelliers portfolio. On May 7, Apple unveiled new initiatives aimed at expanding renewable energy infrastructure, reducing plastic pollution, and fostering green entrepreneurship in India. The company has inked a strategic partnership with clean energy developer CleanMax as part of a new effort to","Apple Inc AAPL Partners with CleanMax to Enhance Renewable Energy Capacity in India. Apple Inc AAPL Partners with CleanMax to Enhance Renewable Energy Capacity in India. Apple Inc. NASDAQAAPL is one of the top tech stocks in Louis Navelliers portfolio. On May 7, Apple unveiled new initiatives aimed at expanding renewable energy infrastructure, reducing plastic pollution, and fostering green entrepreneurship in India. The company has inked a strategic partnership with clean energy developer CleanMax as part of a new effort to","Apple Inc AAPL Partners with CleanMax to Enhance Renewable Energy Capacity in India. Apple Inc AAPL Partners with CleanMax to Enhance Renewable Energy Capacity in India. Apple Inc. NASDAQAAPL is one of the top tech stocks in Louis Navelliers portfolio. On May 7, Apple unveiled new initiatives aimed at expanding renewable energy infrastructure, reducing plastic pollution, and fostering green entrepreneurship in India. The company has inked a strategic partnership with clean energy developer CleanMax as part of a new effort to","Apple Inc. NASDAQAAPL is one of the top tech stocks in Louis Navelliers portfolio. On May 7, Apple unveiled new initiatives aimed at expanding renewable energy infrastructure, reducing plastic pollution, and fostering green entrepreneurship in India. The company has inked a strategic partnership with clean energy developer CleanMax as part of a new effort to",positive,0.8627,0.8707,0.8707,0.0079,0.1214,"[{'text': 'Apple Inc AAPL Partners', 'label': 'ORG', 'label_desc': 'Company / Organization', 'start': 0, 'end': 23}, {'text': 'CleanMax', 'label': 'ORG', 'label_desc': 'Company / Organization', 'start': 29, 'end': 37}, {'text': 'Enhance Renewable Energy Capacity', 'label': 'ORG', 'label_desc': 'Company / Organization', 'start': 41, 'end': 74}, {'text': 'India', 'label': 'GPE', 'label_desc': 'Country / City', 'start': 78, 'end': 83}, {'text': 'Apple Inc', 'label': 'ORG', 'label_desc': 'Company / Organization', 'start': 170, 'end': 180}, {'text': 'NASDAQAAPL', 'label': 'ORG', 'label_desc': 'Company / Organization', 'start': 181, 'end': 191}, {'text': 'Louis Navelliers', 'label': 'ORG', 'label_desc': 'Company / Organization', 'start': 225, 'end': 241}, {'text': 'May 7', 'label': 'DATE', 'label_desc': 'Date / Period', 'start': 256, 'end': 261}, {'text': 'Apple', 'label': 'ORG', 'label_desc': 'Company / Organization', 'start': 263, 'end': 268}]","Apple Inc AAPL Partners, CleanMax, Enhance Renewable Energy Capacity, Apple Inc, NASDAQAAPL",
AAPL,Curious about the most active SP500 stocks in todays session?,Stay informed about the most active stocks in the SP500 index on Tuesdays session. Discover the stocks that are generating the highest trading volume and driving market activity.,Stay informed about the most active stocks in the SP500 index on Tuesdays session. Discover the stocks that are generating the highest trading volume and driving market activity.,ChartMill,2026-05-12 18:05:02+00:00,https://finnhub.io/api/news?id=788882beaf4211666566e4fd75b108bfd7c32f660dcfa7adf67f129917127f4d,company,Curious about the most active SP500 stocks in todays session?. Curious about the most active SP500 stocks in todays session?. Stay informed about the most active stocks in the SP500 index on Tuesdays session. Discover the stocks that are generating the highest trading volume and driving market activity.,Curious about the most active SP500 stocks in todays session?. Curious about the most active SP500 stocks in todays session?. Stay informed about the most active stocks in the SP500 index on Tuesdays session. Discover the stocks that are generating the highest trading volume and driving market activity.,Curious about the most active SP500 stocks in todays session . Curious about the most active SP500 stocks in todays session . Stay informed about the most active stocks in the SP500 index on Tuesdays session. Discover the stocks that are generating the highest trading volume and driving market activity.,Stay informed about the most active stocks in the SP500 index on Tuesdays session. Discover the stocks that are generating the highest trading volume and driving market activity.,neutral,0.0616,0.9061,0.0778,0.0162,0.9061,"[{'text': 'SP500', 'label': 'PRODUCT', 'label_desc': 'Product / Service', 'start': 30, 'end': 35}, {'text': 'Tuesdays', 'label': 'DATE', 'label_desc': 'Date / Period', 'start': 191, 'end': 199}]",,
AAPL,"Intel Crashes 10%, AMD Slides 5% as Chip Trade Cools After Parabolic Run","Shares of Intel NASDAQINTC are down 10% in Tuesday trading, changing hands near $116 after closing at $129.44 on Monday. Advanced Micro Devices NASDAQAMD is sliding alongside, off 5% at roughly $436. The selloff lands after both names ripped through a parabolic stretch. Intel stock gained 35% in the week ending May 11, while AMD ... Intel Crashes 10%, AMD Slides 5% as Chip Trade Cools After Parabolic Run","Shares of Intel NASDAQINTC are down 10% in Tuesday trading, changing hands near $116 after closing at $129.44 on Monday. Advanced Micro Devices NASDAQAMD is sliding alongside, off 5% at roughly $436. The selloff lands after both names ripped through a parabolic stretch. Intel stock gained 35% in the week ending May 11, while AMD ... Intel Crashes 10%, AMD Slides 5% as Chip Trade Cools After Parabolic Run",Yahoo,2026-05-12 17:58:33+00:00,https://finnhub.io/api/news?id=7afaf2777e3717117dd9a1a14c96ee514a363c13213d96a004fb1b58ff50f843,company,"Intel Crashes 10%, AMD Slides 5% as Chip Trade Cools After Parabolic Run. Intel Crashes 10%, AMD Slides 5% as Chip Trade Cools After Parabolic Run. Shares of Intel NASDAQINTC are down 10% in Tuesday trading, changing hands near $116 after closing at $129.44 on Monday. Advanced Micro Devices NASDAQAMD is sliding alongside, off 5% at roughly $436. The selloff lands after both names ripped through a parabolic stretch. Intel stock gained 35% in the week ending May 11, while AMD ... Intel Crashes 10%, AMD Slides 5% as Chip Trade Cools After Parabolic Run","Intel Crashes 10%, AMD Slides 5% as Chip Trade Cools After Parabolic Run. Intel Crashes 10%, AMD Slides 5% as Chip Trade Cools After Parabolic Run. Shares of Intel NASDAQINTC are down 10% in Tuesday trading, changing hands near $116 after closing at $129.44 on Monday. Advanced Micro Devices NASDAQAMD is sliding alongside, off 5% at roughly $436. The selloff lands after both names ripped through a parabolic stretch. Intel stock gained 35% in the week ending May 11, while AMD ... Intel Crashes 10%, AMD Slides 5% as Chip Trade Cools After Parabolic Run","Intel Crashes 10%, AMD Slides 5% as Chip Trade Cools After Parabolic Run. Intel Crashes 10%, AMD Slides 5% as Chip Trade Cools After Parabolic Run. Shares of Intel NASDAQINTC are down 10% in Tuesday trading, changing hands near $116 after closing at $129.44 on Monday. Advanced Micro Devices NASDAQAMD is sliding alongside, off 5% at roughly $436. The selloff lands after both names ripped through a parabolic stretch. Intel stock gained 35% in the week ending May 11, while AMD ... Intel Crashes 10%, AMD Slides 5% as Chip Trade Cools After Parabolic Run","Shares of Intel NASDAQINTC are down 10% in Tuesday trading, changing hands near $116 after closing at $129.44 on Monday. Advanced Micro Devices NASDAQAMD is sliding alongside, off 5% at roughly $436. The selloff lands after both names ripped through a parabolic stretch. Intel stock gained 35% in the week ending May 11, while AMD ... Intel Crashes 10%, AMD Slides 5% as Chip Trade Cools After Parabolic Run",negative,-0.9647,0.9721,0.0074,0.9721,0.0204,"[{'text': 'Intel', 'label': 'ORG', 'label_desc': 'Company / Organization', 'start': 0, 'end': 5}, {'text': '10%', 'label': 'PERCENT', 'label_desc': 'Percentage', 'start': 14, 'end': 17}, {'text': 'AMD Slides', 'label': 'ORG', 'label_desc': 'Company / Organization', 'start': 19, 'end': 29}, {'text': '5%', 'label': 'PERCENT', 'label_desc': 'Percentage', 'start': 30, 'end': 32}, {'text': 'Intel NASDAQINTC', 'label': 'ORG', 'label_desc': 'Company / Organization', 'start': 158, 'end': 174}, {'text': 'Tuesday', 'label': 'DATE', 'label_desc': 'Date / Period', 'start': 191, 'end': 198}, {'text': '116', 'label': 'MONEY', 'label_desc': 'Money Amount', 'start': 229, 'end': 232}, {'text': '129.44', 'label': 'MONEY', 'label_desc': 'Money Amount', 'start': 251, 'end': 257}, {'text': 'Monday', 'label': 'DATE', 'label_desc': 'Date / Period', 'start': 261, 'end': 267}, {'text': 'Advanced Micro Devices', 'label': 'ORG', 'label_desc': 'Company / Organization', 'start': 269, 'end': 291}, {'text': 'NASDAQAMD', 'label': 'ORG', 'label_desc': 'Company / Organization', 'start': 292, 'end': 301}, {'text': 'roughly $436', 'label': 'MONEY', 'label_desc': 'Money Amount', 'start': 334, 'end': 346}, {'text': '35%', 'label': 'PERCENT', 'label_desc': 'Percentage', 'start': 438, 'end': 441}, {'text': 'the week ending May 11', 'label': 'DATE', 'label_desc': 'Date / Period', 'start': 445, 'end': 467}, {'text': 'AMD', 'label': 'ORG', 'label_desc': 'Company / Organization', 'start': 475, 'end': 478}]","Intel, AMD Slides, Intel NASDAQINTC, Advanced Micro Devices, NASDAQAMD",
AAPL,Nvidia CEO Left Off Trumps China Delegation Despite $50 Billion Opportunity,Jensen Huang will not join Trumps China trip as Nvidias AI chip sales remain tied to export controls.,Jensen Huang will not join Trumps China trip as Nvidias AI chip sales remain tied to export controls.,Yahoo,2026-05-12 17:32:56+00:00,https://finnhub.io/api/news?id=204f15228e7599782beebec79fc27ea4cc0b6e6d4d17f0eb443e8848cc7cfe09,company,Nvidia CEO Left Off Trumps China Delegation Despite $50 Billion Opportunity. Nvidia CEO Left Off Trumps China Delegation Despite $50 Billion Opportunity. Jensen Huang will not join Trumps China trip as Nvidias AI chip sales remain tied to export controls.,Nvidia CEO Left Off Trumps China Delegation Despite $50 Billion Opportunity. Nvidia CEO Left Off Trumps China Delegation Despite $50 Billion Opportunity. Jensen Huang will not join Trumps China trip as Nvidias AI chip sales remain tied to export controls.,Nvidia CEO Left Off Trumps China Delegation Despite $50 Billion Opportunity. Nvidia CEO Left Off Trumps China Delegation Despite $50 Billion Opportunity. Jensen Huang will not join Trumps China trip as Nvidias AI chip sales remain tied to export controls.,Jensen Huang will not join Trumps China trip as Nvidias AI chip sales remain tied to export controls.,negative,-0.6529,0.6696,0.0166,0.6696,0.3138,"[{'text': 'Nvidia', 'label': 'ORG', 'label_desc': 'Company / Organization', 'start': 0, 'end': 6}, {'text': 'Left Off Trumps China Delegation', 'label': 'PERSON', 'label_desc': 'Person', 'start': 11, 'end': 43}, {'text': '$50 Billion', 'label': 'MONEY', 'label_desc': 'Money Amount', 'start': 52, 'end': 63}, {'text': 'Jensen Huang', 'label': 'PERSON', 'label_desc': 'Person', 'start': 154, 'end': 166}, {'text': 'Trumps China', 'label': 'PERSON', 'label_desc': 'Person', 'start': 181, 'end': 193}, {'text': 'Nvidias AI', 'label': 'PERSON', 'label_desc': 'Person', 'start': 202, 'end': 212}]",Nvidia,
AAPL,Everybody Wants To Panic Sell. Dont.,Daily Stock PicksÂ Gary Vaughan from Daily Stock Picks tells us 2 truths and a lie.,Daily Stock PicksÂ Gary Vaughan from Daily Stock Picks tells us 2 truths and a lie.,SeekingAlpha,2026-05-12 17:18:00+00:00,https://finnhub.io/api/news?id=8e43410f729ec7f7d7a16b6187d304b6d508a0c12ed87d3e2b42f77183d15e53,company,Everybody Wants To Panic Sell. Dont.. Everybody Wants To Panic Sell. Dont.. Daily Stock PicksÂ Gary Vaughan from Daily Stock Picks tells us 2 truths and a lie.,Everybody Wants To Panic Sell. Dont.. Everybody Wants To Panic Sell. Dont.. Daily Stock Picks Gary Vaughan from Daily Stock Picks tells us 2 truths and a lie.,Everybody Wants To Panic Sell. Dont.. Everybody Wants To Panic Sell. Dont.. Daily Stock PicksÂ Gary Vaughan from Daily Stock Picks tells us 2 truths and a lie.,Daily Stock PicksÂ Gary Vaughan from Daily Stock Picks tells us 2 truths and a lie.,neutral,-0.1845,0.7304,0.0426,0.2271,0.7304,"[{'text': 'Gary Vaughan', 'label': 'PERSON', 'label_desc': 'Person', 'start': 95, 'end': 107}, {'text': 'Daily Stock Picks', 'label': 'ORG', 'label_desc': 'Company / Organization', 'start': 113, 'end': 130}]",Daily Stock Picks,
AAPL,Heres What AMDs 2nm Deal With Samsung Could Mean for Taiwan Semi Stock,What looks like a short-term setback for TSMC may prove far more damaging in the long run. Heres what to know about TSM stock today.,What looks like a short-term setback for TSMC may prove far more damaging in the long run. Heres what to know about TSM stock today.,Yahoo,2026-05-12 17:00:02+00:00,https://finnhub.io/api/news?id=3d7c2a4f3939464b7cc7fd656dc0d70469a510ab0ccf0798ea48b4f1e3d28ec3,company,Heres What AMDs 2nm Deal With Samsung Could Mean for Taiwan Semi Stock. Heres What AMDs 2nm Deal With Samsung Could Mean for Taiwan Semi Stock. What looks like a short-term setback for TSMC may prove far more damaging in the long run. Heres what to know about TSM stock today.,Heres What AMDs 2nm Deal With Samsung Could Mean for Taiwan Semi Stock. Heres What AMDs 2nm Deal With Samsung Could Mean for Taiwan Semi Stock. What looks like a short-term setback for TSMC may prove far more damaging in the long run. Heres what to know about TSM stock today.,Heres What AMDs 2nm Deal With Samsung Could Mean for Taiwan Semi Stock. Heres What AMDs 2nm Deal With Samsung Could Mean for Taiwan Semi Stock. What looks like a short-term setback for TSMC may prove far more damaging in the long run. Heres what to know about TSM stock today.,What looks like a short-term setback for TSMC may prove far more damaging in the long run. Heres what to know about TSM stock today.,negative,-0.5676,0.5911,0.0234,0.5911,0.3855,"[{'text': 'TSMC', 'label': 'ORG', 'label_desc': 'Company / Organization', 'start': 185, 'end': 189}, {'text': 'TSM', 'label': 'ORG', 'label_desc': 'Company / Organization', 'start': 260, 'end': 263}, {'text': 'today', 'label': 'DATE', 'label_desc': 'Date / Period', 'start': 270, 'end': 275}]","TSMC, TSM",
AAPL,Elon Musk To Join Trump On China State Visit. Tesla Stock Sinks.,Tesla CEO Elon Musk will be among a group of business leaders joining President Donald Trumps state visit to China.,Tesla CEO Elon Musk will be among a group of business leaders joining President Donald Trumps state visit to China.,Yahoo,2026-05-12 16:48:11+00:00,https://finnhub.io/api/news?id=abae73ce18e21fdb4ec873bdc6b85be05a045c00fe4bc230db27a75c87230597,company,Elon Musk To Join Trump On China State Visit. Tesla Stock Sinks.. Elon Musk To Join Trump On China State Visit. Tesla Stock Sinks.. Tesla CEO Elon Musk will be among a group of business leaders joining President Donald Trumps state visit to China.,Elon Musk To Join Trump On China State Visit. Tesla Stock Sinks.. Elon Musk To Join Trump On China State Visit. Tesla Stock Sinks.. Tesla CEO Elon Musk will be among a group of business leaders joining President Donald Trumps state visit to China.,Elon Musk To Join Trump On China State Visit. Tesla Stock Sinks.. Elon Musk To Join Trump On China State Visit. Tesla Stock Sinks.. Tesla CEO Elon Musk will be among a group of business leaders joining President Donald Trumps state visit to China.,Tesla CEO Elon Musk will be among a group of business leaders joining President Donald Trumps state visit to China.,neutral,0.0309,0.9379,0.0465,0.0156,0.9379,"[{'text': 'China State Visit', 'label': 'ORG', 'label_desc': 'Company / Organization', 'start': 27, 'end': 44}, {'text': 'Elon Musk', 'label': 'PERSON', 'label_desc': 'Person', 'start': 66, 'end': 75}, {'text': 'Tesla Stock Sinks', 'label': 'PERSON', 'label_desc': 'Person', 'start': 112, 'end': 129}, {'text': 'Tesla', 'label': 'ORG', 'label_desc': 'Company / Organization', 'start': 132, 'end': 137}, {'text': 'Donald Trumps', 'label': 'PERSON', 'label_desc': 'Person', 'start': 212, 'end': 225}, {'text': 'China', 'label': 'GPE', 'label_desc': 'Country / City', 'start': 241, 'end': 246}]","China State Visit, Tesla",
AAPL,What Makes Apple AAPL a Strong Momentum Stock Buy Now?,Does Apple AAPL have what it takes to be a top stock pick for momentum investors? Lets find out.,Does Apple AAPL have what it takes to be a top stock pick for momentum investors? Lets find out.,Yahoo,2026-05-12 16:00:03+00:00,https://finnhub.io/api/news?id=1101dc0c2420548c6821bb660c6b5694c6418dffd304e2f9e816a9fc7e974a75,company,What Makes Apple AAPL a Strong Momentum Stock Buy Now?. What Makes Apple AAPL a Strong Momentum Stock Buy Now?. Does Apple AAPL have what it takes to be a top stock pick for momentum investors? Lets find out.,What Makes Apple AAPL a Strong Momentum Stock Buy Now?. What Makes Apple AAPL a Strong Momentum Stock Buy Now?. Does Apple AAPL have what it takes to be a top stock pick for momentum investors? Lets find out.,What Makes Apple AAPL a Strong Momentum Stock Buy Now . What Makes Apple AAPL a Strong Momentum Stock Buy Now . Does Apple AAPL have what it takes to be a top stock pick for momentum investors Lets find out.,Does Apple AAPL have what it takes to be a top stock pick for momentum investors? Lets find out.,neutral,0.0701,0.9022,0.084,0.0139,0.9022,"[{'text': 'Apple', 'label': 'ORG', 'label_desc': 'Company / Organization', 'start': 117, 'end': 122}]",Apple,
AAPL,"Global Home Automation Systems Market Report 2026-2032 Trends, Revenue Opportunities Competitive Analysis Featuring Johnson Controls, Schneider Electric, Siemens, Honeywell, ASSA ABLOY, Apple, ABB, and More","Home Automation System Market Home Automation System Market Dublin, May 12, 2026 GLOBE NEWSWIRE -- The Home Automation System Market by Lighting Controls, Smart Speakers, Entertainment Controls, HVAC Controls, Security Access Controls, Wired, Wireless, Behavioral, Proactive, Multi-family Residence, Single-family Residence - Global Forecast to 2032 has been added to ResearchAndMarkets.coms offering. The global home automation system market is poised for significant growth, with an estimate","Home Automation System Market Home Automation System Market Dublin, May 12, 2026 GLOBE NEWSWIRE -- The Home Automation System Market by Lighting Controls, Smart Speakers, Entertainment Controls, HVAC Controls, Security Access Controls, Wired, Wireless, Behavioral, Proactive, Multi-family Residence, Single-family Residence - Global Forecast to 2032 has been added to ResearchAndMarkets.coms offering. The global home automation system market is poised for significant growth, with an estimate",Yahoo,2026-05-12 15:59:00+00:00,https://finnhub.io/api/news?id=287921cb258f25262624ccc8fd76454c2f039a8ea71b0da9177141b09ce47d3a,company,"Global Home Automation Systems Market Report 2026-2032 Trends, Revenue Opportunities Competitive Analysis Featuring Johnson Controls, Schneider Electric, Siemens, Honeywell, ASSA ABLOY, Apple, ABB, and More. Global Home Automation Systems Market Report 2026-2032 Trends, Revenue Opportunities Competitive Analysis Featuring Johnson Controls, Schneider Electric, Siemens, Honeywell, ASSA ABLOY, Apple, ABB, and More. Home Automation System Market Home Automation System Market Dublin, May 12, 2026 GLOBE NEWSWIRE -- The Home Automation System Market by Lighting Controls, Smart Speakers, Entertainment Controls, HVAC Controls, Security Access Controls, Wired, Wireless, Behavioral, Proactive, Multi-family Residence, Single-family Residence - Global Forecast to 2032 has been added to ResearchAndMarkets.coms offering. The global home automation system market is poised for significant growth, with an estimate","Global Home Automation Systems Market Report 2026-2032 Trends, Revenue Opportunities Competitive Analysis Featuring Johnson Controls, Schneider Electric, Siemens, Honeywell, ASSA ABLOY, Apple, ABB, and More. Global Home Automation Systems Market Report 2026-2032 Trends, Revenue Opportunities Competitive Analysis Featuring Johnson Controls, Schneider Electric, Siemens, Honeywell, ASSA ABLOY, Apple, ABB, and More. Home Automation System Market Home Automation System Market Dublin, May 12, 2026 GLOBE NEWSWIRE -- The Home Automation System Market by Lighting Controls, Smart Speakers, Entertainment Controls, HVAC Controls, Security Access Controls, Wired, Wireless, Behavioral, Proactive, Multi-family Residence, Single-family Residence - Global Forecast to 2032 has been added to ResearchAndMarkets.coms offering. The global home automation system market is poised for significant growth, with an estimate","Global Home Automation Systems Market Report 2026-2032 Trends, Revenue Opportunities Competitive Analysis Featuring Johnson Controls, Schneider Electric, Siemens, Honeywell, ASSA ABLOY, Apple, ABB, and More. Global Home Automation Systems Market Report 2026-2032 Trends, Revenue Opportunities Competitive Analysis Featuring Johnson Controls, Schneider Electric, Siemens, Honeywell, ASSA ABLOY, Apple, ABB, and More. Home Automation System Market Home Automation System Market Dublin, May 12, 2026 GLOBE NEWSWIRE -- The Home Automation System Market by Lighting Controls, Smart Speakers, Entertainment Controls, HVAC Controls, Security Access Controls, Wired, Wireless, Behavioral, Proactive, Multi-family Residence, Single-family Residence - Global Forecast to 2032 has been added to ResearchAndMarkets.coms offering. The global home automation system market is poised for significant growth, with an estimate","Home Automation System Market Home Automation System Market Dublin, May 12, 2026 GLOBE NEWSWIRE -- The Home Automation System Market by Lighting Controls, Smart Speakers, Entertainment Controls, HVAC Controls, Security Access Controls, Wired, Wireless, Behavioral, Proactive, Multi-family Residence, Single-family Residence - Global Forecast to 2032 has been added to ResearchAndMarkets.coms offering. The global home automation system market is poised for significant growth, with an estimate",neutral,0.2323,0.7498,0.2413,0.0089,0.7498,"[{'text': 'Global Home Automation Systems Market Report', 'label': 'ORG', 'label_desc': 'Company / Organization', 'start': 0, 'end': 44}, {'text': 'Revenue Opportunities Competitive Analysis', 'label': 'ORG', 'label_desc': 'Company / Organization', 'start': 63, 'end': 105}, {'text': 'Johnson Controls', 'label': 'PERSON', 'label_desc': 'Person', 'start': 116, 'end': 132}, {'text': 'Schneider Electric', 'label': 'ORG', 'label_desc': 'Company / Organization', 'start': 134, 'end': 152}, {'text': 'Siemens', 'label': 'ORG', 'label_desc': 'Company / Organization', 'start': 154, 'end': 161}, {'text': 'Honeywell', 'label': 'ORG', 'label_desc': 'Company / Organization', 'start': 163, 'end': 172}, {'text': 'ASSA ABLOY', 'label': 'PRODUCT', 'label_desc': 'Product / Service', 'start': 174, 'end': 184}, {'text': 'Apple', 'label': 'ORG', 'label_desc': 'Company / Organization', 'start': 186, 'end': 191}, {'text': 'ABB', 'label': 'ORG', 'label_desc': 'Company / Organization', 'start': 193, 'end': 196}, {'text': 'May 12', 'label': 'DATE', 'label_desc': 'Date / Period', 'start': 484, 'end': 490}, {'text': '2026', 'label': 'DATE', 'label_desc': 'Date / Period', 'start': 492, 'end': 496}, {'text': 'GLOBE NEWSWIRE --', 'label': 'ORG', 'label_desc': 'Company / Organization', 'start': 497, 'end': 514}, {'text': 'The Home Automation System Market', 'label': 'ORG', 'label_desc': 'Company / Organization', 'start': 515, 'end': 548}, {'text': 'Lighting Controls', 'label': 'ORG', 'label_desc': 'Company / Organization', 'start': 552, 'end': 569}, {'text': 'Smart Speakers, Entertainment Controls', 'label': 'ORG', 'label_desc': 'Company / Organization', 'start': 571, 'end': 609}, {'text': 'HVAC Controls', 'label': 'ORG', 'label_desc': 'Company / Organization', 'start': 611, 'end': 624}, {'text': 'Security Access Controls', 'label': 'ORG', 'label_desc': 'Company / Organization', 'start': 626, 'end': 650}, {'text': 'Proactive', 'label': 'GPE', 'label_desc': 'Country / City', 'start': 681, 'end': 690}, {'text': 'Multi', 'label': 'GPE', 'label_desc': 'Country / City', 'start': 692, 'end': 697}, {'text': '2032', 'label': 'DATE', 'label_desc': 'Date / Period', 'start': 761, 'end': 765}]","Global Home Automation Systems Market Report, Revenue Opportunities Competitive Analysis, Schneider Electric, Siemens, Honeywell",
AAPL,Trump invited only 2 women executives on his first trip to China in nearly a decade an increase from last time,"The last time President Trump visited China, he took an even larger delegation, but didnt invite a single woman.","The last time President Trump visited China, he took an even larger delegation, but didnt invite a single woman.",Yahoo,2026-05-12 15:55:00+00:00,https://finnhub.io/api/news?id=456318566ea3c16ffca4fcf525574a9418505cb8e4ad8f2cebd06e86e7ad7a30,company,"Trump invited only 2 women executives on his first trip to China in nearly a decade an increase from last time. Trump invited only 2 women executives on his first trip to China in nearly a decade an increase from last time. The last time President Trump visited China, he took an even larger delegation, but didnt invite a single woman.","Trump invited only 2 women executives on his first trip to China in nearly a decade an increase from last time. Trump invited only 2 women executives on his first trip to China in nearly a decade an increase from last time. The last time President Trump visited China, he took an even larger delegation, but didnt invite a single woman.","Trump invited only 2 women executives on his first trip to China in nearly a decade an increase from last time. Trump invited only 2 women executives on his first trip to China in nearly a decade an increase from last time. The last time President Trump visited China, he took an even larger delegation, but didnt invite a single woman.","The last time President Trump visited China, he took an even larger delegation, but didnt invite a single woman.",positive,0.8655,0.8955,0.8955,0.0299,0.0746,"[{'text': 'Trump', 'label': 'ORG', 'label_desc': 'Company / Organization', 'start': 0, 'end': 5}, {'text': 'China', 'label': 'GPE', 'label_desc': 'Country / City', 'start': 59, 'end': 64}, {'text': 'nearly a decade', 'label': 'DATE', 'label_desc': 'Date / Period', 'start': 68, 'end': 83}, {'text': 'Trump', 'label': 'PERSON', 'label_desc': 'Person', 'start': 248, 'end': 253}]",Trump,
AAPL,Mizuho Hikes Intel Price Target to $124 as Agentic AI Server Demand Validates the Turnaround,"Mizuho raised its price target on Intel NASDAQINTC stock to $124 from $100 on May 12, keeping a Neutral rating as the firm cited agentic AI continuing to drive server demand. The revision is part of a broader semiconductor and AI infrastructure estimate hike across multiple names. For long-term investors, the move signals that even cautious ... Mizuho Hikes Intel Price Target to $124 as Agentic AI Server Demand Validates the Turnaround","Mizuho raised its price target on Intel NASDAQINTC stock to $124 from $100 on May 12, keeping a Neutral rating as the firm cited agentic AI continuing to drive server demand. The revision is part of a broader semiconductor and AI infrastructure estimate hike across multiple names. For long-term investors, the move signals that even cautious ... Mizuho Hikes Intel Price Target to $124 as Agentic AI Server Demand Validates the Turnaround",Yahoo,2026-05-12 15:47:20+00:00,https://finnhub.io/api/news?id=0baac4a07e79bc00b0576938bfd9ae86a9e17af6d8f8372a2c649ebdc881a2d3,company,"Mizuho Hikes Intel Price Target to $124 as Agentic AI Server Demand Validates the Turnaround. Mizuho Hikes Intel Price Target to $124 as Agentic AI Server Demand Validates the Turnaround. Mizuho raised its price target on Intel NASDAQINTC stock to $124 from $100 on May 12, keeping a Neutral rating as the firm cited agentic AI continuing to drive server demand. The revision is part of a broader semiconductor and AI infrastructure estimate hike across multiple names. For long-term investors, the move signals that even cautious ... Mizuho Hikes Intel Price Target to $124 as Agentic AI Server Demand Validates the Turnaround","Mizuho Hikes Intel Price Target to $124 as Agentic AI Server Demand Validates the Turnaround. Mizuho Hikes Intel Price Target to $124 as Agentic AI Server Demand Validates the Turnaround. Mizuho raised its price target on Intel NASDAQINTC stock to $124 from $100 on May 12, keeping a Neutral rating as the firm cited agentic AI continuing to drive server demand. The revision is part of a broader semiconductor and AI infrastructure estimate hike across multiple names. For long-term investors, the move signals that even cautious ... Mizuho Hikes Intel Price Target to $124 as Agentic AI Server Demand Validates the Turnaround","Mizuho Hikes Intel Price Target to $124 as Agentic AI Server Demand Validates the Turnaround. Mizuho Hikes Intel Price Target to $124 as Agentic AI Server Demand Validates the Turnaround. Mizuho raised its price target on Intel NASDAQINTC stock to $124 from $100 on May 12, keeping a Neutral rating as the firm cited agentic AI continuing to drive server demand. The revision is part of a broader semiconductor and AI infrastructure estimate hike across multiple names. For long-term investors, the move signals that even cautious ... Mizuho Hikes Intel Price Target to $124 as Agentic AI Server Demand Validates the Turnaround","Mizuho raised its price target on Intel NASDAQINTC stock to $124 from $100 on May 12, keeping a Neutral rating as the firm cited agentic AI continuing to drive server demand. The revision is part of a broader semiconductor and AI infrastructure estimate hike across multiple names. For long-term investors, the move signals that even cautious ... Mizuho Hikes Intel Price Target to $124 as Agentic AI Server Demand Validates the Turnaround",positive,0.8227,0.8939,0.8939,0.0712,0.035,"[{'text': 'Mizuho Hikes', 'label': 'PERSON', 'label_desc': 'Person', 'start': 0, 'end': 12}, {'text': 'Intel', 'label': 'ORG', 'label_desc': 'Company / Organization', 'start': 13, 'end': 18}, {'text': 'Target', 'label': 'ORG', 'label_desc': 'Company / Organization', 'start': 25, 'end': 31}, {'text': '124', 'label': 'MONEY', 'label_desc': 'Money Amount', 'start': 36, 'end': 39}, {'text': 'Agentic AI Server Demand Validates', 'label': 'ORG', 'label_desc': 'Company / Organization', 'start': 43, 'end': 77}, {'text': 'Turnaround', 'label': 'ORG', 'label_desc': 'Company / Organization', 'start': 82, 'end': 92}, {'text': 'Mizuho', 'label': 'ORG', 'label_desc': 'Company / Organization', 'start': 188, 'end': 194}, {'text': 'Intel NASDAQINTC', 'label': 'ORG', 'label_desc': 'Company / Organization', 'start': 222, 'end': 238}, {'text': '100', 'label': 'MONEY', 'label_desc': 'Money Amount', 'start': 259, 'end': 262}, {'text': 'May 12', 'label': 'DATE', 'label_desc': 'Date / Period', 'start': 266, 'end': 272}, {'text': 'Neutral', 'label': 'ORG', 'label_desc': 'Company / Organization', 'start': 284, 'end': 291}, {'text': 'AI', 'label': 'ORG', 'label_desc': 'Company / Organization', 'start': 325, 'end': 327}, {'text': 'Mizuho Hikes', 'label': 'ORG', 'label_desc': 'Company / Organization', 'start': 535, 'end': 547}]","Intel, Target, Agentic AI Server Demand Validates, Turnaround, Mizuho",
AAPL,Hot Inflation Data Treasury Auction Test Ahead Trumps Iran Comment Draws Attention,Treasury Auction Ahead,Treasury Auction Ahead,Benzinga,2026-05-12 15:40:49+00:00,https://finnhub.io/api/news?id=934188cc2d90a6139b799793aae153be88ab5bcb9b48ad3f1f13130b294e18db,company,Hot Inflation Data Treasury Auction Test Ahead Trumps Iran Comment Draws Attention. Hot Inflation Data Treasury Auction Test Ahead Trumps Iran Comment Draws Attention. Treasury Auction Ahead,Hot Inflation Data Treasury Auction Test Ahead Trumps Iran Comment Draws Attention. Hot Inflation Data Treasury Auction Test Ahead Trumps Iran Comment Draws Attention. Treasury Auction Ahead,Hot Inflation Data Treasury Auction Test Ahead Trumps Iran Comment Draws Attention. Hot Inflation Data Treasury Auction Test Ahead Trumps Iran Comment Draws Attention. Treasury Auction Ahead,Treasury Auction Ahead,neutral,0.0068,0.9162,0.0453,0.0385,0.9162,"[{'text': 'Hot Inflation Data Treasury Auction', 'label': 'ORG', 'label_desc': 'Company / Organization', 'start': 0, 'end': 35}, {'text': 'Hot Inflation Data Treasury Auction Test Ahead Trumps Iran Comment Draws Attention', 'label': 'ORG', 'label_desc': 'Company / Organization', 'start': 84, 'end': 166}, {'text': 'Treasury', 'label': 'ORG', 'label_desc': 'Company / Organization', 'start': 168, 'end': 176}]","Hot Inflation Data Treasury Auction, Hot Inflation Data Treasury Auction Test Ahead Trumps Iran Comment Draws Attention, Treasury",
AAPL,Tesla stock slips ahead of Musks trip to China with Trump trade delegation,"After a string of gains, Tesla stock slipped on Tuesday ahead of CEO Elon Musks trip to China with President Trump.","After a string of gains, Tesla stock slipped on Tuesday ahead of CEO Elon Musks trip to China with President Trump.",Yahoo,2026-05-12 15:20:48+00:00,https://finnhub.io/api/news?id=8d41aa91bcc81ec994135b56e2ebf1eb229319d347ec57838c73abffd0b714bc,company,"Tesla stock slips ahead of Musks trip to China with Trump trade delegation. Tesla stock slips ahead of Musks trip to China with Trump trade delegation. After a string of gains, Tesla stock slipped on Tuesday ahead of CEO Elon Musks trip to China with President Trump.","Tesla stock slips ahead of Musks trip to China with Trump trade delegation. Tesla stock slips ahead of Musks trip to China with Trump trade delegation. After a string of gains, Tesla stock slipped on Tuesday ahead of CEO Elon Musks trip to China with President Trump.","Tesla stock slips ahead of Musks trip to China with Trump trade delegation. Tesla stock slips ahead of Musks trip to China with Trump trade delegation. After a string of gains, Tesla stock slipped on Tuesday ahead of CEO Elon Musks trip to China with President Trump.","After a string of gains, Tesla stock slipped on Tuesday ahead of CEO Elon Musks trip to China with President Trump.",negative,-0.9634,0.9725,0.0091,0.9725,0.0183,"[{'text': 'China', 'label': 'GPE', 'label_desc': 'Country / City', 'start': 41, 'end': 46}, {'text': 'Trump', 'label': 'ORG', 'label_desc': 'Company / Organization', 'start': 52, 'end': 57}, {'text': 'Tesla', 'label': 'ORG', 'label_desc': 'Company / Organization', 'start': 177, 'end': 182}, {'text': 'Tuesday', 'label': 'DATE', 'label_desc': 'Date / Period', 'start': 200, 'end': 207}, {'text': 'Elon Musks', 'label': 'PERSON', 'label_desc': 'Person', 'start': 221, 'end': 231}, {'text': 'Trump', 'label': 'PERSON', 'label_desc': 'Person', 'start': 261, 'end': 266}]","Trump, Tesla",
AAPL,Heres What Elon Musk Could Discuss In China As He Joins Trumps State Visit,Tesla CEO Elon Musk will be among a group of business leaders joining President Donald Trumps state visit to China.,Tesla CEO Elon Musk will be among a group of business leaders joining President Donald Trumps state visit to China.,Yahoo,2026-05-12 14:41:27+00:00,https://finnhub.io/api/news?id=aa295e65167835eaf5900e733c928df239474f4b2f55a636971abebe6910a7b4,company,Heres What Elon Musk Could Discuss In China As He Joins Trumps State Visit. Heres What Elon Musk Could Discuss In China As He Joins Trumps State Visit. Tesla CEO Elon Musk will be among a group of business leaders joining President Donald Trumps state visit to China.,Heres What Elon Musk Could Discuss In China As He Joins Trumps State Visit. Heres What Elon Musk Could Discuss In China As He Joins Trumps State Visit. Tesla CEO Elon Musk will be among a group of business leaders joining President Donald Trumps state visit to China.,Heres What Elon Musk Could Discuss In China As He Joins Trumps State Visit. Heres What Elon Musk Could Discuss In China As He Joins Trumps State Visit. Tesla CEO Elon Musk will be among a group of business leaders joining President Donald Trumps state visit to China.,Tesla CEO Elon Musk will be among a group of business leaders joining President Donald Trumps state visit to China.,neutral,0.0125,0.9483,0.0321,0.0196,0.9483,"[{'text': 'China', 'label': 'GPE', 'label_desc': 'Country / City', 'start': 38, 'end': 43}, {'text': 'Elon Musk', 'label': 'PERSON', 'label_desc': 'Person', 'start': 162, 'end': 171}, {'text': 'Donald Trumps', 'label': 'PERSON', 'label_desc': 'Person', 'start': 232, 'end': 245}]",,
AAPL,"The fast food stocks benefitting from value, premium offerings","Fast food companies reported strong first quarter earnings, their respective chief executives emphasizing the value being offered to consumers amid rising food costs, oil CLF, BZF and gas prices RBF, and overall costs of living. Yahoo Finance Executive Editor Brian Sozzi brings on Senior Reporters Brooke DiPalma and Ines Ferré and B. Riley Wealth chief market strategist Art Hogan to talk more about the performance of fast food stocks.","Fast food companies reported strong first quarter earnings, their respective chief executives emphasizing the value being offered to consumers amid rising food costs, oil CLF, BZF and gas prices RBF, and overall costs of living. Yahoo Finance Executive Editor Brian Sozzi brings on Senior Reporters Brooke DiPalma and Ines Ferré and B. Riley Wealth chief market strategist Art Hogan to talk more about the performance of fast food stocks.",Yahoo,2026-05-12 14:41:17+00:00,https://finnhub.io/api/news?id=37178f7ed0d41caa1f7bae37ad602709f5243d8516766ebcf4a599e6e0abb9c7,company,"The fast food stocks benefitting from value, premium offerings. The fast food stocks benefitting from value, premium offerings. Fast food companies reported strong first quarter earnings, their respective chief executives emphasizing the value being offered to consumers amid rising food costs, oil CLF, BZF and gas prices RBF, and overall costs of living. Yahoo Finance Executive Editor Brian Sozzi brings on Senior Reporters Brooke DiPalma and Ines Ferré and B. Riley Wealth chief market strategist Art Hogan to talk more about the performance of fast food stocks.","The fast food stocks benefitting from value, premium offerings. The fast food stocks benefitting from value, premium offerings. Fast food companies reported strong first quarter earnings, their respective chief executives emphasizing the value being offered to consumers amid rising food costs, oil CLF, BZF and gas prices RBF, and overall costs of living. Yahoo Finance Executive Editor Brian Sozzi brings on Senior Reporters Brooke DiPalma and Ines Ferr and B. Riley Wealth chief market strategist Art Hogan to talk more about the performance of fast food stocks.","The fast food stocks benefitting from value, premium offerings. The fast food stocks benefitting from value, premium offerings. Fast food companies reported strong first quarter earnings, their respective chief executives emphasizing the value being offered to consumers amid rising food costs, oil CLF, BZF and gas prices RBF, and overall costs of living. Yahoo Finance Executive Editor Brian Sozzi brings on Senior Reporters Brooke DiPalma and Ines Ferré and B. Riley Wealth chief market strategist Art Hogan to talk more about the performance of fast food stocks.","Fast food companies reported strong first quarter earnings, their respective chief executives emphasizing the value being offered to consumers amid rising food costs, oil CLF, BZF and gas prices RBF, and overall costs of living. Yahoo Finance Executive Editor Brian Sozzi brings on Senior Reporters Brooke DiPalma and Ines Ferré and B. Riley Wealth chief market strategist Art Hogan to talk more about the performance of fast food stocks.",positive,0.635,0.6574,0.6574,0.0224,0.3203,"[{'text': 'first quarter', 'label': 'DATE', 'label_desc': 'Date / Period', 'start': 164, 'end': 177}, {'text': 'BZF', 'label': 'ORG', 'label_desc': 'Company / Organization', 'start': 304, 'end': 307}, {'text': 'RBF', 'label': 'ORG', 'label_desc': 'Company / Organization', 'start': 323, 'end': 326}, {'text': 'Yahoo Finance', 'label': 'ORG', 'label_desc': 'Company / Organization', 'start': 357, 'end': 370}, {'text': 'Brian Sozzi', 'label': 'PERSON', 'label_desc': 'Person', 'start': 388, 'end': 399}, {'text': 'Brooke DiPalma', 'label': 'PERSON', 'label_desc': 'Person', 'start': 427, 'end': 441}, {'text': 'Ines Ferré', 'label': 'PERSON', 'label_desc': 'Person', 'start': 446, 'end': 456}, {'text': 'B. Riley Wealth', 'label': 'PERSON', 'label_desc': 'Person', 'start': 461, 'end': 476}, {'text': 'Art Hogan', 'label': 'PERSON', 'label_desc': 'Person', 'start': 501, 'end': 510}]","BZF, RBF, Yahoo Finance",
AAPL,Jim Cramer Said Smell AI Stocks Heard Sell,"Jim Cramer said he could 34smell the reversal day.34 Unfortunately, he was right this time.","Jim Cramer said he could 34smell the reversal day.34 Unfortunately, he was right this time.",Benzinga,2026-05-12 14:20:30+00:00,https://finnhub.io/api/news?id=0afe89a5a5d7f223399a83d6d2ea1c6019c1425b04faf5ae545420b9b5a24de6,company,"Jim Cramer Said Smell AI Stocks Heard Sell. Jim Cramer Said Smell AI Stocks Heard Sell. Jim Cramer said he could 34smell the reversal day.34 Unfortunately, he was right this time.","Jim Cramer Said Smell AI Stocks Heard Sell. Jim Cramer Said Smell AI Stocks Heard Sell. Jim Cramer said he could 34smell the reversal day.34 Unfortunately, he was right this time.","Jim Cramer Said Smell AI Stocks Heard Sell. Jim Cramer Said Smell AI Stocks Heard Sell. Jim Cramer said he could 34smell the reversal day.34 Unfortunately, he was right this time.","Jim Cramer said he could 34smell the reversal day.34 Unfortunately, he was right this time.",neutral,0.014,0.8829,0.0655,0.0515,0.8829,"[{'text': 'Jim Cramer', 'label': 'PERSON', 'label_desc': 'Person', 'start': 0, 'end': 10}, {'text': 'AI Stocks Heard Sell', 'label': 'ORG', 'label_desc': 'Company / Organization', 'start': 22, 'end': 42}]",AI Stocks Heard Sell,
AAPL,Intel Rally Faces Reality Check After Triple-Digit Surge,Bank of America says optimism around a potential Apple foundry deal may be outpacing execution reality.,Bank of America says optimism around a potential Apple foundry deal may be outpacing execution reality.,Yahoo,2026-05-12 14:06:29+00:00,https://finnhub.io/api/news?id=759014bb8cc43adabe6af38e9956bb3f9327c366a6e3147aba1ca456fd76d0b7,company,Intel Rally Faces Reality Check After Triple-Digit Surge. Intel Rally Faces Reality Check After Triple-Digit Surge. Bank of America says optimism around a potential Apple foundry deal may be outpacing execution reality.,Intel Rally Faces Reality Check After Triple-Digit Surge. Intel Rally Faces Reality Check After Triple-Digit Surge. Bank of America says optimism around a potential Apple foundry deal may be outpacing execution reality.,Intel Rally Faces Reality Check After Triple-Digit Surge. Intel Rally Faces Reality Check After Triple-Digit Surge. Bank of America says optimism around a potential Apple foundry deal may be outpacing execution reality.,Bank of America says optimism around a potential Apple foundry deal may be outpacing execution reality.,positive,0.5681,0.7435,0.7435,0.1753,0.0812,"[{'text': 'Intel Rally Faces Reality Check After Triple-Digit Surge', 'label': 'ORG', 'label_desc': 'Company / Organization', 'start': 0, 'end': 56}, {'text': 'Bank of America', 'label': 'ORG', 'label_desc': 'Company / Organization', 'start': 116, 'end': 131}, {'text': 'Apple', 'label': 'ORG', 'label_desc': 'Company / Organization', 'start': 165, 'end': 170}]","Intel Rally Faces Reality Check After Triple-Digit Surge, Bank of America, Apple",
AAPL,"SanDisk, Micron Stocks Plummet As Korea Shockwave Batters The Great Memory Boom",A political curveball from Seoul wiped out doubledigit gains in memory stocks and unleashed a global chip rout in minutes.,A political curveball from Seoul wiped out doubledigit gains in memory stocks and unleashed a global chip rout in minutes.,Benzinga,2026-05-12 13:57:48+00:00,https://finnhub.io/api/news?id=039590f8d5e71c4e5b8dfbbdf36a7287ea21caf34ada7c053b52e347f663b568,company,"SanDisk, Micron Stocks Plummet As Korea Shockwave Batters The Great Memory Boom. SanDisk, Micron Stocks Plummet As Korea Shockwave Batters The Great Memory Boom. A political curveball from Seoul wiped out doubledigit gains in memory stocks and unleashed a global chip rout in minutes.","SanDisk, Micron Stocks Plummet As Korea Shockwave Batters The Great Memory Boom. SanDisk, Micron Stocks Plummet As Korea Shockwave Batters The Great Memory Boom. A political curveball from Seoul wiped out doubledigit gains in memory stocks and unleashed a global chip rout in minutes.","SanDisk, Micron Stocks Plummet As Korea Shockwave Batters The Great Memory Boom. SanDisk, Micron Stocks Plummet As Korea Shockwave Batters The Great Memory Boom. A political curveball from Seoul wiped out doubledigit gains in memory stocks and unleashed a global chip rout in minutes.",A political curveball from Seoul wiped out doubledigit gains in memory stocks and unleashed a global chip rout in minutes.,negative,-0.9573,0.9665,0.0092,0.9665,0.0243,"[{'text': 'SanDisk', 'label': 'ORG', 'label_desc': 'Company / Organization', 'start': 0, 'end': 7}, {'text': 'Micron Stocks Plummet', 'label': 'ORG', 'label_desc': 'Company / Organization', 'start': 9, 'end': 30}, {'text': 'Seoul', 'label': 'GPE', 'label_desc': 'Country / City', 'start': 189, 'end': 194}]","SanDisk, Micron Stocks Plummet",
AAPL,"BenQ India Eyes 1,000 crore revenue in CY2026 10% price hike likely","Premium monitors, home projectors and smart classrooms power growth as BenQ lays groundwork for a 1,2001,300 crore CY2027 target.","BenQ India, the local arm of Taiwans Qisda Corporation, is on track to cross 1,000 crore in revenue in calendar year 2026 CY2026, a milestone that would mark its strongest growth phase ias the comp 4947 chars",BusinessLine,2026-05-12 13:11:17+00:00,https://www.thehindubusinessline.com/news/benq-india-eyes-1000-crore-revenue-in-cy2026-10-price-hike-likely/article70967317.ece,,"BenQ India Eyes 1,000 crore revenue in CY2026 10% price hike likely. BenQ India Eyes 1,000 crore revenue in CY2026 10% price hike likely. BenQ India, the local arm of Taiwans Qisda Corporation, is on track to cross 1,000 crore in revenue in calendar year 2026 CY2026, a milestone that would mark its strongest growth phase ias the comp 4947 chars","BenQ India Eyes 1,000 crore revenue in CY2026 10% price hike likely. BenQ India Eyes 1,000 crore revenue in CY2026 10% price hike likely. BenQ India, the local arm of Taiwans Qisda Corporation, is on track to cross 1,000 crore in revenue in calendar year 2026 CY2026, a milestone that would mark its strongest growth phase ias the comp 4947 chars","BenQ India Eyes 1,000 crore revenue in CY2026 10% price hike likely. BenQ India Eyes 1,000 crore revenue in CY2026 10% price hike likely. BenQ India, the local arm of Taiwans Qisda Corporation, is on track to cross 1,000 crore in revenue in calendar year 2026 CY2026, a milestone that would mark its strongest growth phase ias the comp 4947 chars","BenQ India, the local arm of Taiwans Qisda Corporation, is on track to cross 1,000 crore in revenue in calendar year 2026 CY2026, a milestone that would mark its strongest growth phase ias the comp 4947 chars",positive,0.9183,0.9373,0.9373,0.019,0.0437,"[{'text': 'BenQ India Eyes', 'label': 'ORG', 'label_desc': 'Company / Organization', 'start': 0, 'end': 15}, {'text': 'CY2026', 'label': 'GPE', 'label_desc': 'Country / City', 'start': 39, 'end': 45}, {'text': '10%', 'label': 'PERCENT', 'label_desc': 'Percentage', 'start': 46, 'end': 49}, {'text': 'India', 'label': 'GPE', 'label_desc': 'Country / City', 'start': 143, 'end': 148}, {'text': 'Taiwans Qisda Corporation', 'label': 'ORG', 'label_desc': 'Company / Organization', 'start': 167, 'end': 192}, {'text': 'year 2026', 'label': 'DATE', 'label_desc': 'Date / Period', 'start': 250, 'end': 259}, {'text': 'CY2026', 'label': 'PRODUCT', 'label_desc': 'Product / Service', 'start': 260, 'end': 266}, {'text': '4947', 'label': 'DATE', 'label_desc': 'Date / Period', 'start': 336, 'end': 340}]","BenQ India Eyes, Taiwans Qisda Corporation",
AAPL,Bitdeer mined 783 bitcoin in April as AI cloud ARR rose to $69 million,Bitdeer reported a 372% year-over-year increase in bitcoin production for April while its AI cloud annualized recurring revenue jumped 60% month over month.,"Bitdeer NASDAQ BTDR said on Tuesday that it mined 783 bitcoin in April 2026, a 372% increase from 166 bitcoin a year earlier. The company also reported that its AI cloud annualized recurring reven 2411 chars",Blockspace.media,2026-05-12 13:05:27+00:00,https://blockspace.media/insight/bitdeer-mined-783-bitcoin-in-april-as-ai-cloud-arr-rose-to-69-million/,,"Bitdeer mined 783 bitcoin in April as AI cloud ARR rose to $69 million. Bitdeer mined 783 bitcoin in April as AI cloud ARR rose to $69 million. Bitdeer NASDAQ BTDR said on Tuesday that it mined 783 bitcoin in April 2026, a 372% increase from 166 bitcoin a year earlier. The company also reported that its AI cloud annualized recurring reven 2411 chars","Bitdeer mined 783 bitcoin in April as AI cloud ARR rose to $69 million. Bitdeer mined 783 bitcoin in April as AI cloud ARR rose to $69 million. Bitdeer NASDAQ BTDR said on Tuesday that it mined 783 bitcoin in April 2026, a 372% increase from 166 bitcoin a year earlier. The company also reported that its AI cloud annualized recurring reven 2411 chars","Bitdeer mined 783 bitcoin in April as AI cloud ARR rose to $69 million. Bitdeer mined 783 bitcoin in April as AI cloud ARR rose to $69 million. Bitdeer NASDAQ BTDR said on Tuesday that it mined 783 bitcoin in April 2026, a 372% increase from 166 bitcoin a year earlier. The company also reported that its AI cloud annualized recurring reven 2411 chars","Bitdeer NASDAQ BTDR said on Tuesday that it mined 783 bitcoin in April 2026, a 372% increase from 166 bitcoin a year earlier. The company also reported that its AI cloud annualized recurring reven 2411 chars",positive,0.9258,0.9435,0.9435,0.0178,0.0387,"[{'text': 'April', 'label': 'DATE', 'label_desc': 'Date / Period', 'start': 29, 'end': 34}, {'text': 'AI', 'label': 'ORG', 'label_desc': 'Company / Organization', 'start': 38, 'end': 40}, {'text': 'ARR', 'label': 'ORG', 'label_desc': 'Company / Organization', 'start': 47, 'end': 50}, {'text': '$69 million', 'label': 'MONEY', 'label_desc': 'Money Amount', 'start': 59, 'end': 70}, {'text': 'Bitdeer NASDAQ', 'label': 'PERSON', 'label_desc': 'Person', 'start': 144, 'end': 158}, {'text': 'Tuesday', 'label': 'DATE', 'label_desc': 'Date / Period', 'start': 172, 'end': 179}, {'text': 'April 2026', 'label': 'DATE', 'label_desc': 'Date / Period', 'start': 209, 'end': 219}, {'text': '372%', 'label': 'PERCENT', 'label_desc': 'Percentage', 'start': 223, 'end': 227}, {'text': 'a year earlier', 'label': 'DATE', 'label_desc': 'Date / Period', 'start': 254, 'end': 268}]","AI, ARR",
AAPL,South Africa Jobless Rate Rises Before Iran War Fallout Hits,"South Africas unemployment rate rose more than expected in the first quarter as job losses in sectors including construction and community services weakened the labor market, even as the full impact of the Iran war is yet to filter through.","Bloomberg South Africas unemployment rate rose more than expected in the first quarter as job losses in sectors including construction and community services weakened the labor market, even as the 4852 chars",Financial Post,2026-05-12 12:46:33+00:00,https://financialpost.com/pmn/business-pmn/south-africa-jobless-rate-rises-before-iran-war-fallout-hits,,"South Africa Jobless Rate Rises Before Iran War Fallout Hits. South Africa Jobless Rate Rises Before Iran War Fallout Hits. Bloomberg South Africas unemployment rate rose more than expected in the first quarter as job losses in sectors including construction and community services weakened the labor market, even as the 4852 chars","South Africa Jobless Rate Rises Before Iran War Fallout Hits. South Africa Jobless Rate Rises Before Iran War Fallout Hits. Bloomberg South Africas unemployment rate rose more than expected in the first quarter as job losses in sectors including construction and community services weakened the labor market, even as the 4852 chars","South Africa Jobless Rate Rises Before Iran War Fallout Hits. South Africa Jobless Rate Rises Before Iran War Fallout Hits. Bloomberg South Africas unemployment rate rose more than expected in the first quarter as job losses in sectors including construction and community services weakened the labor market, even as the 4852 chars","Bloomberg South Africas unemployment rate rose more than expected in the first quarter as job losses in sectors including construction and community services weakened the labor market, even as the 4852 chars",positive,0.3107,0.6459,0.6459,0.3351,0.019,"[{'text': 'South Africa Jobless Rate', 'label': 'ORG', 'label_desc': 'Company / Organization', 'start': 0, 'end': 25}, {'text': 'Iran War Fallout Hits', 'label': 'EVENT', 'label_desc': 'Event', 'start': 39, 'end': 60}, {'text': 'Bloomberg South Africas', 'label': 'PERSON', 'label_desc': 'Person', 'start': 124, 'end': 147}, {'text': 'the first quarter', 'label': 'DATE', 'label_desc': 'Date / Period', 'start': 193, 'end': 210}, {'text': '4852', 'label': 'DATE', 'label_desc': 'Date / Period', 'start': 321, 'end': 325}]",South Africa Jobless Rate,
AAPL,Google disrupts hackers using AI to exploit an unknown weakness in a companys digital defense,"Google said Monday that it had disrupted a criminal groups attempt to use artificial intelligence to exploit another companys previously unknown digital vulnerability, adding to heightened worries across government and private industry about AIs ris...","Google said Monday that it had disrupted a criminal groups attempt to use artificial intelligence to exploit another companys previously unknown digital vulnerability, adding to heightened worries 5337 chars",Abcnews.com,2026-05-12 12:13:19+00:00,https://abcnews.com/Business/wireStory/google-disrupts-hackers-ai-exploit-unknown-weakness-companys-132845519,,"Google disrupts hackers using AI to exploit an unknown weakness in a companys digital defense. Google disrupts hackers using AI to exploit an unknown weakness in a companys digital defense. Google said Monday that it had disrupted a criminal groups attempt to use artificial intelligence to exploit another companys previously unknown digital vulnerability, adding to heightened worries 5337 chars","Google disrupts hackers using AI to exploit an unknown weakness in a companys digital defense. Google disrupts hackers using AI to exploit an unknown weakness in a companys digital defense. Google said Monday that it had disrupted a criminal groups attempt to use artificial intelligence to exploit another companys previously unknown digital vulnerability, adding to heightened worries 5337 chars","Google disrupts hackers using AI to exploit an unknown weakness in a companys digital defense. Google disrupts hackers using AI to exploit an unknown weakness in a companys digital defense. Google said Monday that it had disrupted a criminal groups attempt to use artificial intelligence to exploit another companys previously unknown digital vulnerability, adding to heightened worries 5337 chars","Google said Monday that it had disrupted a criminal groups attempt to use artificial intelligence to exploit another companys previously unknown digital vulnerability, adding to heightened worries 5337 chars",negative,-0.8991,0.9235,0.0244,0.9235,0.0522,"[{'text': 'Google', 'label': 'ORG', 'label_desc': 'Company / Organization', 'start': 0, 'end': 6}, {'text': 'AI', 'label': 'ORG', 'label_desc': 'Company / Organization', 'start': 30, 'end': 32}, {'text': 'Monday', 'label': 'DATE', 'label_desc': 'Date / Period', 'start': 202, 'end': 208}]","Google, AI",
AAPL,"Morning Minute Circle Stock Soars After Q1 Beat, $222M Arc Raise","Circle just beat earnings and raised fresh capital for its new Arc blockchain, while Michael Saylor explained how and why hed sell Bitcoin.",Morning Minute is a daily newsletter written by Tyler Warner. The analysis and opinions expressed are his own and do not necessarily reflect those of Decrypt. And check out our new daily news show co 9231 chars,Decrypt,2026-05-12 11:55:03+00:00,https://decrypt.co/367530/morning-minute-circle-stock-soars-after-q1-beat-222m-arc-raise,,"Morning Minute Circle Stock Soars After Q1 Beat, $222M Arc Raise. Morning Minute Circle Stock Soars After Q1 Beat, $222M Arc Raise. Morning Minute is a daily newsletter written by Tyler Warner. The analysis and opinions expressed are his own and do not necessarily reflect those of Decrypt. And check out our new daily news show co 9231 chars","Morning Minute Circle Stock Soars After Q1 Beat, $222M Arc Raise. Morning Minute Circle Stock Soars After Q1 Beat, $222M Arc Raise. Morning Minute is a daily newsletter written by Tyler Warner. The analysis and opinions expressed are his own and do not necessarily reflect those of Decrypt. And check out our new daily news show co 9231 chars","Morning Minute Circle Stock Soars After Q1 Beat, $222M Arc Raise. Morning Minute Circle Stock Soars After Q1 Beat, $222M Arc Raise. Morning Minute is a daily newsletter written by Tyler Warner. The analysis and opinions expressed are his own and do not necessarily reflect those of Decrypt. And check out our new daily news show co 9231 chars",Morning Minute is a daily newsletter written by Tyler Warner. The analysis and opinions expressed are his own and do not necessarily reflect those of Decrypt. And check out our new daily news show co 9231 chars,neutral,0.006,0.9499,0.028,0.0221,0.9499,"[{'text': 'Q1 Beat', 'label': 'PERSON', 'label_desc': 'Person', 'start': 40, 'end': 47}, {'text': '222', 'label': 'MONEY', 'label_desc': 'Money Amount', 'start': 50, 'end': 53}, {'text': 'daily', 'label': 'DATE', 'label_desc': 'Date / Period', 'start': 152, 'end': 157}, {'text': 'Tyler Warner', 'label': 'PERSON', 'label_desc': 'Person', 'start': 180, 'end': 192}, {'text': 'Decrypt', 'label': 'PERSON', 'label_desc': 'Person', 'start': 282, 'end': 289}, {'text': '9231', 'label': 'DATE', 'label_desc': 'Date / Period', 'start': 332, 'end': 336}]",,
AAPL,Baseband Processor Market Size to Hit USD 33.26 Billion by 2035 Research by SNS Insider,"Global Baseband Processor Market Size, Share, Revenue Trends Segmentation, By Type, Application, Technology, Processor Type, and Region Forecast 2035...","Austin, May 12, 2026 GLOBE NEWSWIRE -- Baseband Processor Market Size amp Growth Insights According to the SNS Insider,The Baseband Processor Marketwas valued at USD 18.27 Billion in 2025 and i 8607 chars",GlobeNewswire,2026-05-12 11:30:00+00:00,https://www.globenewswire.com/news-release/2026/05/12/3292723/0/en/Baseband-Processor-Market-Size-to-Hit-USD-33-26-Billion-by-2035-Research-by-SNS-Insider.html,,"Baseband Processor Market Size to Hit USD 33.26 Billion by 2035 Research by SNS Insider. Baseband Processor Market Size to Hit USD 33.26 Billion by 2035 Research by SNS Insider. Austin, May 12, 2026 GLOBE NEWSWIRE -- Baseband Processor Market Size amp Growth Insights According to the SNS Insider,The Baseband Processor Marketwas valued at USD 18.27 Billion in 2025 and i 8607 chars","Baseband Processor Market Size to Hit USD 33.26 Billion by 2035 Research by SNS Insider. Baseband Processor Market Size to Hit USD 33.26 Billion by 2035 Research by SNS Insider. Austin, May 12, 2026 GLOBE NEWSWIRE -- Baseband Processor Market Size amp Growth Insights According to the SNS Insider,The Baseband Processor Marketwas valued at USD 18.27 Billion in 2025 and i 8607 chars","Baseband Processor Market Size to Hit USD 33.26 Billion by 2035 Research by SNS Insider. Baseband Processor Market Size to Hit USD 33.26 Billion by 2035 Research by SNS Insider. Austin, May 12, 2026 GLOBE NEWSWIRE -- Baseband Processor Market Size amp Growth Insights According to the SNS Insider,The Baseband Processor Marketwas valued at USD 18.27 Billion in 2025 and i 8607 chars","Austin, May 12, 2026 GLOBE NEWSWIRE -- Baseband Processor Market Size amp Growth Insights According to the SNS Insider,The Baseband Processor Marketwas valued at USD 18.27 Billion in 2025 and i 8607 chars",neutral,0.2196,0.757,0.2313,0.0117,0.757,"[{'text': 'Baseband Processor Market Size', 'label': 'ORG', 'label_desc': 'Company / Organization', 'start': 0, 'end': 30}, {'text': 'Austin', 'label': 'PERSON', 'label_desc': 'Person', 'start': 178, 'end': 184}, {'text': 'May 12', 'label': 'DATE', 'label_desc': 'Date / Period', 'start': 186, 'end': 192}, {'text': '2026', 'label': 'DATE', 'label_desc': 'Date / Period', 'start': 194, 'end': 198}, {'text': 'GLOBE NEWSWIRE --', 'label': 'ORG', 'label_desc': 'Company / Organization', 'start': 199, 'end': 216}, {'text': 'the SNS Insider', 'label': 'ORG', 'label_desc': 'Company / Organization', 'start': 281, 'end': 296}, {'text': 'The Baseband Processor Marketwas', 'label': 'ORG', 'label_desc': 'Company / Organization', 'start': 297, 'end': 329}, {'text': 'USD 18.27 Billion', 'label': 'MONEY', 'label_desc': 'Money Amount', 'start': 340, 'end': 357}, {'text': '2025', 'label': 'DATE', 'label_desc': 'Date / Period', 'start': 361, 'end': 365}, {'text': '8607', 'label': 'DATE', 'label_desc': 'Date / Period', 'start': 372, 'end': 376}]","Baseband Processor Market Size, GLOBE NEWSWIRE --, the SNS Insider, The Baseband Processor Marketwas",
AAPL,Infrastructure Capital Advisors Partners with Nasdaq to Launch its First Nasdaq ETF Infrastructure Capital Nasdaq Option Income ETF QVOL,"Actively managed strategy targets high monthly income with Nasdaq equity upside exposure NEW YORK, May 12, 2026 PRNewswire -- Infrastructure Capital Advisors, LLC Infrastructure Capital, a leading provider of investment management solutions designed to me","QVOL is designed to deliver an attractive income stream through a disciplined options-writing strategy, while maintaining the potential for capital appreciation through selective equity positioning. 11949 chars",PRNewswire,2026-05-12 10:30:00+00:00,https://www.prnewswire.com/news-releases/infrastructure-capital-advisors-partners-with-nasdaq-to-launch-its-first-nasdaq-etf-infrastructure-capital-nasdaq-option-income-etf-qvol-302769129.html,,"Infrastructure Capital Advisors Partners with Nasdaq to Launch its First Nasdaq ETF Infrastructure Capital Nasdaq Option Income ETF QVOL. Infrastructure Capital Advisors Partners with Nasdaq to Launch its First Nasdaq ETF Infrastructure Capital Nasdaq Option Income ETF QVOL. QVOL is designed to deliver an attractive income stream through a disciplined options-writing strategy, while maintaining the potential for capital appreciation through selective equity positioning. 11949 chars","Infrastructure Capital Advisors Partners with Nasdaq to Launch its First Nasdaq ETF Infrastructure Capital Nasdaq Option Income ETF QVOL. Infrastructure Capital Advisors Partners with Nasdaq to Launch its First Nasdaq ETF Infrastructure Capital Nasdaq Option Income ETF QVOL. QVOL is designed to deliver an attractive income stream through a disciplined options-writing strategy, while maintaining the potential for capital appreciation through selective equity positioning. 11949 chars","Infrastructure Capital Advisors Partners with Nasdaq to Launch its First Nasdaq ETF Infrastructure Capital Nasdaq Option Income ETF QVOL. Infrastructure Capital Advisors Partners with Nasdaq to Launch its First Nasdaq ETF Infrastructure Capital Nasdaq Option Income ETF QVOL. QVOL is designed to deliver an attractive income stream through a disciplined options-writing strategy, while maintaining the potential for capital appreciation through selective equity positioning. 11949 chars","QVOL is designed to deliver an attractive income stream through a disciplined options-writing strategy, while maintaining the potential for capital appreciation through selective equity positioning. 11949 chars",positive,0.6937,0.7008,0.7008,0.0071,0.2922,"[{'text': 'Infrastructure Capital Advisors Partners', 'label': 'ORG', 'label_desc': 'Company / Organization', 'start': 0, 'end': 40}, {'text': 'QVOL', 'label': 'ORG', 'label_desc': 'Company / Organization', 'start': 276, 'end': 280}, {'text': '11949', 'label': 'DATE', 'label_desc': 'Date / Period', 'start': 475, 'end': 480}]","Infrastructure Capital Advisors Partners, QVOL",
AAPL,Apple is missing the thing that once made it great,"Macworld Despite what you might think, given the volume of words the Macalope has spilled over the issue, he is extremely tired of talking about AI. Hes honestly pretty tired of talking about a lot of tech topics that pervade our current doomscape.","Skip to contentType your search and hit enter When you purchase through links in our articles, we may earn a small commission. This doesnt affect our editorial independence . By The Macalope, Con 5182 chars",Macworld,2026-05-12 10:30:00+00:00,https://www.macworld.com/article/3136923/can-john-ternus-make-apple-fun-again.html,,"Apple is missing the thing that once made it great. Apple is missing the thing that once made it great. Skip to contentType your search and hit enter When you purchase through links in our articles, we may earn a small commission. This doesnt affect our editorial independence . By The Macalope, Con 5182 chars","Apple is missing the thing that once made it great. Apple is missing the thing that once made it great. Skip to contentType your search and hit enter When you purchase through links in our articles, we may earn a small commission. This doesnt affect our editorial independence . By The Macalope, Con 5182 chars","Apple is missing the thing that once made it great. Apple is missing the thing that once made it great. Skip to contentType your search and hit enter When you purchase through links in our articles, we may earn a small commission. This doesnt affect our editorial independence . By The Macalope, Con 5182 chars","Skip to contentType your search and hit enter When you purchase through links in our articles, we may earn a small commission. This doesnt affect our editorial independence . By The Macalope, Con 5182 chars",neutral,-0.0159,0.914,0.035,0.0509,0.914,"[{'text': 'Apple', 'label': 'ORG', 'label_desc': 'Company / Organization', 'start': 0, 'end': 5}, {'text': '5182', 'label': 'DATE', 'label_desc': 'Date / Period', 'start': 300, 'end': 304}]",Apple,
AAPL,Save up to $300 on these M3 iPad Air clearance deals before they are gone for good,"While I generally like to stay as up to date as possible when it comes to Apple gear purchases, previous-generation iPad models are a great way to save some money. Some folks use an iPad as their main machine, but for me thats the Mac, and these M3 iPad Air","While I generally like to stay as up to date as possible when it comes to Apple gear purchases, previous-generation iPad models are a great way to save some money. Some folks use an iPad as their mai 881 chars",9to5Toys,2026-05-12 10:28:44+00:00,http://9to5toys.com/2026/05/12/m3-ipad-air-clearance-deals-best/,,"Save up to $300 on these M3 iPad Air clearance deals before they are gone for good. Save up to $300 on these M3 iPad Air clearance deals before they are gone for good. While I generally like to stay as up to date as possible when it comes to Apple gear purchases, previous-generation iPad models are a great way to save some money. Some folks use an iPad as their mai 881 chars","Save up to $300 on these M3 iPad Air clearance deals before they are gone for good. Save up to $300 on these M3 iPad Air clearance deals before they are gone for good. While I generally like to stay as up to date as possible when it comes to Apple gear purchases, previous-generation iPad models are a great way to save some money. Some folks use an iPad as their mai 881 chars","Save up to $300 on these M3 iPad Air clearance deals before they are gone for good. Save up to $300 on these M3 iPad Air clearance deals before they are gone for good. While I generally like to stay as up to date as possible when it comes to Apple gear purchases, previous-generation iPad models are a great way to save some money. Some folks use an iPad as their mai 881 chars","While I generally like to stay as up to date as possible when it comes to Apple gear purchases, previous-generation iPad models are a great way to save some money. Some folks use an iPad as their mai 881 chars",neutral,0.06,0.8966,0.0817,0.0217,0.8966,"[{'text': 'up to $300', 'label': 'MONEY', 'label_desc': 'Money Amount', 'start': 5, 'end': 15}, {'text': 'M3', 'label': 'PRODUCT', 'label_desc': 'Product / Service', 'start': 25, 'end': 27}, {'text': 'iPad Air', 'label': 'ORG', 'label_desc': 'Company / Organization', 'start': 28, 'end': 36}, {'text': 'Apple', 'label': 'ORG', 'label_desc': 'Company / Organization', 'start': 242, 'end': 247}, {'text': 'iPad', 'label': 'ORG', 'label_desc': 'Company / Organization', 'start': 284, 'end': 288}]","iPad Air, Apple, iPad",
AAPL,Forget Your Apple Account Password? Heres How to Reset It,Youll need these credentials if you want to buy a new Apple device.,"If youre an Apple user, then you know how important your Apple Account -- formerly Apple ID -- and password are. You cant access Apple services like iCloud, iMessage and Apple Pay without them. You 3682 chars",CNET,2026-05-12 10:00:48+00:00,https://www.cnet.com/tech/services-and-software/forget-your-apple-account-password-heres-how-to-reset-it/,,"Forget Your Apple Account Password? Heres How to Reset It. Forget Your Apple Account Password? Heres How to Reset It. If youre an Apple user, then you know how important your Apple Account -- formerly Apple ID -- and password are. You cant access Apple services like iCloud, iMessage and Apple Pay without them. You 3682 chars","Forget Your Apple Account Password? Heres How to Reset It. Forget Your Apple Account Password? Heres How to Reset It. If youre an Apple user, then you know how important your Apple Account -- formerly Apple ID -- and password are. You cant access Apple services like iCloud, iMessage and Apple Pay without them. You 3682 chars","Forget Your Apple Account Password Heres How to Reset It. Forget Your Apple Account Password Heres How to Reset It. If youre an Apple user, then you know how important your Apple Account -- formerly Apple ID -- and password are. You cant access Apple services like iCloud, iMessage and Apple Pay without them. You 3682 chars","If youre an Apple user, then you know how important your Apple Account -- formerly Apple ID -- and password are. You cant access Apple services like iCloud, iMessage and Apple Pay without them. You 3682 chars",neutral,-0.0406,0.9132,0.0231,0.0637,0.9132,"[{'text': 'Apple', 'label': 'ORG', 'label_desc': 'Company / Organization', 'start': 128, 'end': 133}, {'text': 'iCloud', 'label': 'ORG', 'label_desc': 'Company / Organization', 'start': 265, 'end': 271}, {'text': 'iMessage', 'label': 'ORG', 'label_desc': 'Company / Organization', 'start': 273, 'end': 281}]","Apple, iCloud, iMessage",
AAPL,"Whats at stake for trade, Taiwan and Iran in Trumps high-risk summit with Chinas Xi","China experts expect Trump and Xi may announce trade deals or other agreements, such as a Chinese purchase of U.S. agricultural products or Boeing aircraft.","U.S. President Donald Trump shakes hands with Chinese President Xi Jinping as they hold a bilateral meeting at Gimhae International Airport, on the sidelines of the Asia-Pacific Economic Cooperation 9196 chars",CNBC,2026-05-12 10:00:01+00:00,https://www.cnbc.com/2026/05/12/trump-xi-china-trade-iran-taiwan.html,,"Whats at stake for trade, Taiwan and Iran in Trumps high-risk summit with Chinas Xi. Whats at stake for trade, Taiwan and Iran in Trumps high-risk summit with Chinas Xi. U.S. President Donald Trump shakes hands with Chinese President Xi Jinping as they hold a bilateral meeting at Gimhae International Airport, on the sidelines of the Asia-Pacific Economic Cooperation 9196 chars","Whats at stake for trade, Taiwan and Iran in Trumps high-risk summit with Chinas Xi. Whats at stake for trade, Taiwan and Iran in Trumps high-risk summit with Chinas Xi. U.S. President Donald Trump shakes hands with Chinese President Xi Jinping as they hold a bilateral meeting at Gimhae International Airport, on the sidelines of the Asia-Pacific Economic Cooperation 9196 chars","Whats at stake for trade, Taiwan and Iran in Trumps high-risk summit with Chinas Xi. Whats at stake for trade, Taiwan and Iran in Trumps high-risk summit with Chinas Xi. U.S. President Donald Trump shakes hands with Chinese President Xi Jinping as they hold a bilateral meeting at Gimhae International Airport, on the sidelines of the Asia-Pacific Economic Cooperation 9196 chars","U.S. President Donald Trump shakes hands with Chinese President Xi Jinping as they hold a bilateral meeting at Gimhae International Airport, on the sidelines of the Asia-Pacific Economic Cooperation 9196 chars",neutral,0.085,0.8782,0.1034,0.0184,0.8782,"[{'text': 'Taiwan', 'label': 'GPE', 'label_desc': 'Country / City', 'start': 26, 'end': 32}, {'text': 'Iran', 'label': 'GPE', 'label_desc': 'Country / City', 'start': 37, 'end': 41}, {'text': 'Trumps', 'label': 'PERSON', 'label_desc': 'Person', 'start': 45, 'end': 51}, {'text': 'Chinas Xi', 'label': 'PERSON', 'label_desc': 'Person', 'start': 74, 'end': 83}, {'text': 'U.S', 'label': 'GPE', 'label_desc': 'Country / City', 'start': 170, 'end': 174}, {'text': 'Donald Trump', 'label': 'PERSON', 'label_desc': 'Person', 'start': 185, 'end': 197}, {'text': 'Xi Jinping', 'label': 'PERSON', 'label_desc': 'Person', 'start': 234, 'end': 244}, {'text': '9196', 'label': 'DATE', 'label_desc': 'Date / Period', 'start': 369, 'end': 373}]",,
AAPL,New Amazon all-time low hits 32GB1TB M5 MacBook Pro at $300 off,"As the now discontinued 512GB M5 MacBook Pro models become harder and harder to come across the 32GB model we featured over the weekend is completely out of stock, Amazon has now dropped its 32GB1TB model to its best price ever at $300 off. more","As the now discontinued 512GB M5 MacBook Pro models become harder and harder to come across the 32GB model we featured over the weekend is completely out of stock, Amazon has now dropped its 32GB1TB 1729 chars",9to5Toys,2026-05-12 09:57:34+00:00,http://9to5toys.com/2026/05/12/new-amazon-best-32gb-1tb-m5-macbook-pro-price/,,"New Amazon all-time low hits 32GB1TB M5 MacBook Pro at $300 off. New Amazon all-time low hits 32GB1TB M5 MacBook Pro at $300 off. As the now discontinued 512GB M5 MacBook Pro models become harder and harder to come across the 32GB model we featured over the weekend is completely out of stock, Amazon has now dropped its 32GB1TB 1729 chars","New Amazon all-time low hits 32GB1TB M5 MacBook Pro at $300 off. New Amazon all-time low hits 32GB1TB M5 MacBook Pro at $300 off. As the now discontinued 512GB M5 MacBook Pro models become harder and harder to come across the 32GB model we featured over the weekend is completely out of stock, Amazon has now dropped its 32GB1TB 1729 chars","New Amazon all-time low hits 32GB1TB M5 MacBook Pro at $300 off. New Amazon all-time low hits 32GB1TB M5 MacBook Pro at $300 off. As the now discontinued 512GB M5 MacBook Pro models become harder and harder to come across the 32GB model we featured over the weekend is completely out of stock, Amazon has now dropped its 32GB1TB 1729 chars","As the now discontinued 512GB M5 MacBook Pro models become harder and harder to come across the 32GB model we featured over the weekend is completely out of stock, Amazon has now dropped its 32GB1TB 1729 chars",negative,-0.9498,0.9572,0.0074,0.9572,0.0354,"[{'text': 'Amazon', 'label': 'ORG', 'label_desc': 'Company / Organization', 'start': 4, 'end': 10}, {'text': '300', 'label': 'MONEY', 'label_desc': 'Money Amount', 'start': 56, 'end': 59}, {'text': 'GB', 'label': 'GPE', 'label_desc': 'Country / City', 'start': 157, 'end': 159}, {'text': 'MacBook Pro', 'label': 'PERSON', 'label_desc': 'Person', 'start': 163, 'end': 174}, {'text': 'the weekend', 'label': 'DATE', 'label_desc': 'Date / Period', 'start': 254, 'end': 265}, {'text': 'TB', 'label': 'ORG', 'label_desc': 'Company / Organization', 'start': 326, 'end': 328}, {'text': '1729', 'label': 'DATE', 'label_desc': 'Date / Period', 'start': 329, 'end': 333}]","Amazon, TB",
AAPL,Why JPMorgan Equity Premium Income ETF Limits Upside While JPMorgan Nasdaq Equity Premium Income ETF Sacrifices Growth for 11.98% Yields,JPMorgan Equity Premium Income ETF NYSEARCAJEPI and JPMorgan Nasdaq Equity Premium Income ETF NYSEARCAJEPQ pull from very different stock universes...,JPMorgan Equity Premium Income ETF NYSEARCAJEPI and JPMorgan Nasdaq Equity Premium Income ETF NYSEARCAJEPQ pull from very different stock universes. JEPI leans on SampP 500 names with a cover 2945 chars,24/7 Wall St.,2026-05-12 09:40:37+00:00,https://247wallst.com/investing/2026/05/12/why-jpmorgan-equity-premium-income-etf-limits-upside-while-jpmorgan-nasdaq-equity-premium-income-etf-sacrifices-growth-for-11-98-yields/,,Why JPMorgan Equity Premium Income ETF Limits Upside While JPMorgan Nasdaq Equity Premium Income ETF Sacrifices Growth for 11.98% Yields. Why JPMorgan Equity Premium Income ETF Limits Upside While JPMorgan Nasdaq Equity Premium Income ETF Sacrifices Growth for 11.98% Yields. JPMorgan Equity Premium Income ETF NYSEARCAJEPI and JPMorgan Nasdaq Equity Premium Income ETF NYSEARCAJEPQ pull from very different stock universes. JEPI leans on SampP 500 names with a cover 2945 chars,Why JPMorgan Equity Premium Income ETF Limits Upside While JPMorgan Nasdaq Equity Premium Income ETF Sacrifices Growth for 11.98% Yields. Why JPMorgan Equity Premium Income ETF Limits Upside While JPMorgan Nasdaq Equity Premium Income ETF Sacrifices Growth for 11.98% Yields. JPMorgan Equity Premium Income ETF NYSEARCAJEPI and JPMorgan Nasdaq Equity Premium Income ETF NYSEARCAJEPQ pull from very different stock universes. JEPI leans on SampP 500 names with a cover 2945 chars,Why JPMorgan Equity Premium Income ETF Limits Upside While JPMorgan Nasdaq Equity Premium Income ETF Sacrifices Growth for 11.98% Yields. Why JPMorgan Equity Premium Income ETF Limits Upside While JPMorgan Nasdaq Equity Premium Income ETF Sacrifices Growth for 11.98% Yields. JPMorgan Equity Premium Income ETF NYSEARCAJEPI and JPMorgan Nasdaq Equity Premium Income ETF NYSEARCAJEPQ pull from very different stock universes. JEPI leans on SampP 500 names with a cover 2945 chars,JPMorgan Equity Premium Income ETF NYSEARCAJEPI and JPMorgan Nasdaq Equity Premium Income ETF NYSEARCAJEPQ pull from very different stock universes. JEPI leans on SampP 500 names with a cover 2945 chars,neutral,0.0853,0.8712,0.107,0.0217,0.8712,"[{'text': 'JPMorgan Nasdaq Equity Premium Income ETF Sacrifices Growth', 'label': 'ORG', 'label_desc': 'Company / Organization', 'start': 59, 'end': 118}, {'text': '11.98%', 'label': 'PERCENT', 'label_desc': 'Percentage', 'start': 123, 'end': 129}, {'text': 'JPMorgan Equity Premium Income', 'label': 'ORG', 'label_desc': 'Company / Organization', 'start': 276, 'end': 306}, {'text': 'NYSEARCAJEPI', 'label': 'ORG', 'label_desc': 'Company / Organization', 'start': 311, 'end': 323}, {'text': 'JPMorgan Nasdaq Equity Premium Income', 'label': 'ORG', 'label_desc': 'Company / Organization', 'start': 328, 'end': 365}, {'text': 'NYSEARCAJEPQ', 'label': 'PERSON', 'label_desc': 'Person', 'start': 370, 'end': 382}]","JPMorgan Nasdaq Equity Premium Income ETF Sacrifices Growth, JPMorgan Equity Premium Income, NYSEARCAJEPI, JPMorgan Nasdaq Equity Premium Income",
AAPL,Jensen Huang skips Trumps China business delegation,"The Nvidia CEO is not on the list of US executives travelling to Beijing for the Trump-Xi summit. Apples Tim Cook and Teslas Elon Musk are among those attending the trips focus is reportedly agriculture, manufacturing, and aviation. NVIDIA CEO Jensen Huan",The Nvidia CEO is not on the list of US executives travelling to Beijing for the Trump-Xi summit. Apples Tim Cook and Teslas Elon Musk are among those attending the trips focus is reportedly agricul 3521 chars,The Next Web,2026-05-12 08:56:36+00:00,https://thenextweb.com/news/jensen-huang-skips-trumps-china-business-delegation/,,Jensen Huang skips Trumps China business delegation. Jensen Huang skips Trumps China business delegation. The Nvidia CEO is not on the list of US executives travelling to Beijing for the Trump-Xi summit. Apples Tim Cook and Teslas Elon Musk are among those attending the trips focus is reportedly agricul 3521 chars,Jensen Huang skips Trumps China business delegation. Jensen Huang skips Trumps China business delegation. The Nvidia CEO is not on the list of US executives travelling to Beijing for the Trump-Xi summit. Apples Tim Cook and Teslas Elon Musk are among those attending the trips focus is reportedly agricul 3521 chars,Jensen Huang skips Trumps China business delegation. Jensen Huang skips Trumps China business delegation. The Nvidia CEO is not on the list of US executives travelling to Beijing for the Trump-Xi summit. Apples Tim Cook and Teslas Elon Musk are among those attending the trips focus is reportedly agricul 3521 chars,The Nvidia CEO is not on the list of US executives travelling to Beijing for the Trump-Xi summit. Apples Tim Cook and Teslas Elon Musk are among those attending the trips focus is reportedly agricul 3521 chars,neutral,-0.0347,0.9258,0.0197,0.0545,0.9258,"[{'text': 'Jensen Huang', 'label': 'PERSON', 'label_desc': 'Person', 'start': 0, 'end': 12}, {'text': 'Trumps China', 'label': 'PERSON', 'label_desc': 'Person', 'start': 19, 'end': 31}, {'text': 'Nvidia', 'label': 'ORG', 'label_desc': 'Company / Organization', 'start': 110, 'end': 116}, {'text': 'US', 'label': 'GPE', 'label_desc': 'Country / City', 'start': 143, 'end': 145}, {'text': 'Beijing', 'label': 'GPE', 'label_desc': 'Country / City', 'start': 171, 'end': 178}, {'text': 'Trump', 'label': 'ORG', 'label_desc': 'Company / Organization', 'start': 187, 'end': 192}, {'text': 'Tim Cook', 'label': 'PERSON', 'label_desc': 'Person', 'start': 211, 'end': 219}, {'text': 'Teslas Elon Musk', 'label': 'PERSON', 'label_desc': 'Person', 'start': 224, 'end': 240}, {'text': '3521', 'label': 'DATE', 'label_desc': 'Date / Period', 'start': 305, 'end': 309}]","Nvidia, Trump",
AAPL,Rare discount hits latest Philips Hue Bridge Pro at $79 today Stock running low,"Update 512 This rare discounts is still live, but the Crutchfield listing is now marked with a low stock warning. Deals on the latest Philips Hue Bridge Pro have been rare at best it was hard to even get at full price for a while there. While it is st","Update 512 This rare discounts is still live, but the Crutchfield listing is now marked with a low stock warning. Deals on the latest Philips Hue Bridge Pro have been rare at best it was hard to 2776 chars",9to5Toys,2026-05-12 08:48:00+00:00,http://9to5toys.com/2026/05/12/rare-deal-latest-philips-hue-bridge-pro/,,"Rare discount hits latest Philips Hue Bridge Pro at $79 today Stock running low. Rare discount hits latest Philips Hue Bridge Pro at $79 today Stock running low. Update 512 This rare discounts is still live, but the Crutchfield listing is now marked with a low stock warning. Deals on the latest Philips Hue Bridge Pro have been rare at best it was hard to 2776 chars","Rare discount hits latest Philips Hue Bridge Pro at $79 today Stock running low. Rare discount hits latest Philips Hue Bridge Pro at $79 today Stock running low. Update 512 This rare discounts is still live, but the Crutchfield listing is now marked with a low stock warning. Deals on the latest Philips Hue Bridge Pro have been rare at best it was hard to 2776 chars","Rare discount hits latest Philips Hue Bridge Pro at $79 today Stock running low. Rare discount hits latest Philips Hue Bridge Pro at $79 today Stock running low. Update 512 This rare discounts is still live, but the Crutchfield listing is now marked with a low stock warning. Deals on the latest Philips Hue Bridge Pro have been rare at best it was hard to 2776 chars","Update 512 This rare discounts is still live, but the Crutchfield listing is now marked with a low stock warning. Deals on the latest Philips Hue Bridge Pro have been rare at best it was hard to 2776 chars",negative,-0.5072,0.531,0.0238,0.531,0.4452,"[{'text': '79', 'label': 'MONEY', 'label_desc': 'Money Amount', 'start': 53, 'end': 55}, {'text': 'today', 'label': 'DATE', 'label_desc': 'Date / Period', 'start': 56, 'end': 61}, {'text': 'Crutchfield', 'label': 'PERSON', 'label_desc': 'Person', 'start': 216, 'end': 227}, {'text': '2776', 'label': 'DATE', 'label_desc': 'Date / Period', 'start': 357, 'end': 361}]",,
AAPL,HUYA Inc. Reports First Quarter 2026 Unaudited Financial Results,"GUANGZHOU, China, May 12, 2026 PRNewswire -- HUYA Inc. Huya or the Company NYSE HUYA, a leading game-related entertainment and services provider, today announced its unaudited financial results for the first quarter ended March 31, 2026. First Quar","GUANGZHOU, China, May 12, 2026 PRNewswire -- HUYA Inc. Huya or the Company NYSE HUYA, a leading game-related entertainment and services provider, today announced its unaudited financial re 39516 chars",PRNewswire,2026-05-12 08:30:00+00:00,https://www.prnewswire.com/news-releases/huya-inc-reports-first-quarter-2026-unaudited-financial-results-302769116.html,,"HUYA Inc. Reports First Quarter 2026 Unaudited Financial Results. HUYA Inc. Reports First Quarter 2026 Unaudited Financial Results. GUANGZHOU, China, May 12, 2026 PRNewswire -- HUYA Inc. Huya or the Company NYSE HUYA, a leading game-related entertainment and services provider, today announced its unaudited financial re 39516 chars","HUYA Inc. Reports First Quarter 2026 Unaudited Financial Results. HUYA Inc. Reports First Quarter 2026 Unaudited Financial Results. GUANGZHOU, China, May 12, 2026 PRNewswire -- HUYA Inc. Huya or the Company NYSE HUYA, a leading game-related entertainment and services provider, today announced its unaudited financial re 39516 chars","HUYA Inc. Reports First Quarter 2026 Unaudited Financial Results. HUYA Inc. Reports First Quarter 2026 Unaudited Financial Results. GUANGZHOU, China, May 12, 2026 PRNewswire -- HUYA Inc. Huya or the Company NYSE HUYA, a leading game-related entertainment and services provider, today announced its unaudited financial re 39516 chars","GUANGZHOU, China, May 12, 2026 PRNewswire -- HUYA Inc. Huya or the Company NYSE HUYA, a leading game-related entertainment and services provider, today announced its unaudited financial re 39516 chars",neutral,0.0234,0.9445,0.0394,0.0161,0.9445,"[{'text': 'HUYA Inc', 'label': 'ORG', 'label_desc': 'Company / Organization', 'start': 0, 'end': 9}, {'text': 'GUANGZHOU', 'label': 'GPE', 'label_desc': 'Country / City', 'start': 132, 'end': 141}, {'text': 'China', 'label': 'GPE', 'label_desc': 'Country / City', 'start': 143, 'end': 148}, {'text': 'May 12, 2026', 'label': 'DATE', 'label_desc': 'Date / Period', 'start': 150, 'end': 162}, {'text': 'PRNewswire -- HUYA Inc. Huya', 'label': 'ORG', 'label_desc': 'Company / Organization', 'start': 163, 'end': 191}, {'text': 'the Company NYSE HUYA', 'label': 'ORG', 'label_desc': 'Company / Organization', 'start': 195, 'end': 216}, {'text': 'today', 'label': 'DATE', 'label_desc': 'Date / Period', 'start': 278, 'end': 283}, {'text': '39516', 'label': 'DATE', 'label_desc': 'Date / Period', 'start': 321, 'end': 326}]","HUYA Inc, PRNewswire -- HUYA Inc. Huya, the Company NYSE HUYA",
AAPL,"Business Analyst Trainee by SysGears, 25 May",Date 25 May MondayPlace Online Required Skills Knowledge of the Business Analysis basicsStrong critical thinking skillsSuperb communication skillsGood organizational and leadership instinctsUpper-intermediate English level speaking and writin,Required Skills Knowledge of the Business Analysis basicsStrong critical thinking skillsSuperb communication skillsGood organizational and leadership instinctsUpper-intermediate English level speak 3275 chars,Dou.ua,2026-05-12 08:14:07+00:00,https://dou.ua/calendar/57331/,,"Business Analyst Trainee by SysGears, 25 May. Business Analyst Trainee by SysGears, 25 May. Required Skills Knowledge of the Business Analysis basicsStrong critical thinking skillsSuperb communication skillsGood organizational and leadership instinctsUpper-intermediate English level speak 3275 chars","Business Analyst Trainee by SysGears, 25 May. Business Analyst Trainee by SysGears, 25 May. Required Skills Knowledge of the Business Analysis basicsStrong critical thinking skillsSuperb communication skillsGood organizational and leadership instinctsUpper-intermediate English level speak 3275 chars","Business Analyst Trainee by SysGears, 25 May. Business Analyst Trainee by SysGears, 25 May. Required Skills Knowledge of the Business Analysis basicsStrong critical thinking skillsSuperb communication skillsGood organizational and leadership instinctsUpper-intermediate English level speak 3275 chars",Required Skills Knowledge of the Business Analysis basicsStrong critical thinking skillsSuperb communication skillsGood organizational and leadership instinctsUpper-intermediate English level speak 3275 chars,neutral,0.0328,0.9254,0.0537,0.0209,0.9254,"[{'text': 'Trainee', 'label': 'PERSON', 'label_desc': 'Person', 'start': 17, 'end': 24}, {'text': 'SysGears', 'label': 'ORG', 'label_desc': 'Company / Organization', 'start': 28, 'end': 36}, {'text': '25 May', 'label': 'DATE', 'label_desc': 'Date / Period', 'start': 38, 'end': 44}, {'text': 'Required Skills Knowledge of the', 'label': 'PERSON', 'label_desc': 'Person', 'start': 92, 'end': 124}]",SysGears,
AAPL,"Video Games Strategic Intelligence Report 2026 A $352 Billion Market by 2030 with Mobile Gaming Accounting for More Than Half of Revenue - Apple, Alphabet, and Valve Control Key Distribution Channels","Opportunities in the gaming software market include leveraging AI to lower production costs, adopting cross-platform and remake strategies for consistent returns, and aligning with platform operators like Apple and Valve to enhance distribution. Emphasis on a","Dublin, May 12, 2026 GLOBE NEWSWIRE -- The Strategic Intelligence Video Games report has been added to ResearchAndMarkets.coms offering. The gaming software market was worth $254 billion in 20 5962 chars",GlobeNewswire,2026-05-12 08:09:00+00:00,https://www.globenewswire.com/news-release/2026/05/12/3292544/28124/en/Video-Games-Strategic-Intelligence-Report-2026-A-352-Billion-Market-by-2030-with-Mobile-Gaming-Accounting-for-More-Than-Half-of-Revenue-Apple-Alphabet-and-Valve-Control-Key-Distrib.html,,"Video Games Strategic Intelligence Report 2026 A $352 Billion Market by 2030 with Mobile Gaming Accounting for More Than Half of Revenue - Apple, Alphabet, and Valve Control Key Distribution Channels. Video Games Strategic Intelligence Report 2026 A $352 Billion Market by 2030 with Mobile Gaming Accounting for More Than Half of Revenue - Apple, Alphabet, and Valve Control Key Distribution Channels. Dublin, May 12, 2026 GLOBE NEWSWIRE -- The Strategic Intelligence Video Games report has been added to ResearchAndMarkets.coms offering. The gaming software market was worth $254 billion in 20 5962 chars","Video Games Strategic Intelligence Report 2026 A $352 Billion Market by 2030 with Mobile Gaming Accounting for More Than Half of Revenue - Apple, Alphabet, and Valve Control Key Distribution Channels. Video Games Strategic Intelligence Report 2026 A $352 Billion Market by 2030 with Mobile Gaming Accounting for More Than Half of Revenue - Apple, Alphabet, and Valve Control Key Distribution Channels. Dublin, May 12, 2026 GLOBE NEWSWIRE -- The Strategic Intelligence Video Games report has been added to ResearchAndMarkets.coms offering. The gaming software market was worth $254 billion in 20 5962 chars","Video Games Strategic Intelligence Report 2026 A $352 Billion Market by 2030 with Mobile Gaming Accounting for More Than Half of Revenue - Apple, Alphabet, and Valve Control Key Distribution Channels. Video Games Strategic Intelligence Report 2026 A $352 Billion Market by 2030 with Mobile Gaming Accounting for More Than Half of Revenue - Apple, Alphabet, and Valve Control Key Distribution Channels. Dublin, May 12, 2026 GLOBE NEWSWIRE -- The Strategic Intelligence Video Games report has been added to ResearchAndMarkets.coms offering. The gaming software market was worth $254 billion in 20 5962 chars","Dublin, May 12, 2026 GLOBE NEWSWIRE -- The Strategic Intelligence Video Games report has been added to ResearchAndMarkets.coms offering. The gaming software market was worth $254 billion in 20 5962 chars",neutral,0.0345,0.9368,0.0488,0.0144,0.9368,"[{'text': '2026', 'label': 'DATE', 'label_desc': 'Date / Period', 'start': 42, 'end': 46}, {'text': '$352 Billion', 'label': 'MONEY', 'label_desc': 'Money Amount', 'start': 49, 'end': 61}, {'text': '2030', 'label': 'DATE', 'label_desc': 'Date / Period', 'start': 72, 'end': 76}, {'text': 'Mobile Gaming Accounting for More Than Half of Revenue - Apple', 'label': 'ORG', 'label_desc': 'Company / Organization', 'start': 82, 'end': 144}, {'text': 'Alphabet', 'label': 'GPE', 'label_desc': 'Country / City', 'start': 146, 'end': 154}, {'text': 'Valve Control Key Distribution Channels', 'label': 'ORG', 'label_desc': 'Company / Organization', 'start': 160, 'end': 199}, {'text': 'Dublin', 'label': 'GPE', 'label_desc': 'Country / City', 'start': 402, 'end': 408}, {'text': 'May 12', 'label': 'DATE', 'label_desc': 'Date / Period', 'start': 410, 'end': 416}, {'text': 'GLOBE NEWSWIRE', 'label': 'ORG', 'label_desc': 'Company / Organization', 'start': 423, 'end': 437}, {'text': '$254 billion', 'label': 'MONEY', 'label_desc': 'Money Amount', 'start': 576, 'end': 588}, {'text': '20 5962', 'label': 'DATE', 'label_desc': 'Date / Period', 'start': 592, 'end': 599}]","Mobile Gaming Accounting for More Than Half of Revenue - Apple, Valve Control Key Distribution Channels, GLOBE NEWSWIRE",
AAPL,"As Trump and Xi meet in Beijing, the biggest win may be the summit itself","As U.S. President Donald Trump travels to Beijing to meet with Chinese President Xi Jinping, the expectations around the highly anticipated summit between the leaders of the worlds two largest economies are being tempered by the war against Iran, and as Chin","As U.S. President Donald Trump heads to Beijing for a highly anticipated summit with Chinese President Xi Jinping, expectations around the visit between the leaders of the worlds two largest economi 7616 chars",CBC News,2026-05-12 08:00:00+00:00,https://www.cbc.ca/news/world/trump-xi-china-visit-9.7195663,,"As Trump and Xi meet in Beijing, the biggest win may be the summit itself. As Trump and Xi meet in Beijing, the biggest win may be the summit itself. As U.S. President Donald Trump heads to Beijing for a highly anticipated summit with Chinese President Xi Jinping, expectations around the visit between the leaders of the worlds two largest economi 7616 chars","As Trump and Xi meet in Beijing, the biggest win may be the summit itself. As Trump and Xi meet in Beijing, the biggest win may be the summit itself. As U.S. President Donald Trump heads to Beijing for a highly anticipated summit with Chinese President Xi Jinping, expectations around the visit between the leaders of the worlds two largest economi 7616 chars","As Trump and Xi meet in Beijing, the biggest win may be the summit itself. As Trump and Xi meet in Beijing, the biggest win may be the summit itself. As U.S. President Donald Trump heads to Beijing for a highly anticipated summit with Chinese President Xi Jinping, expectations around the visit between the leaders of the worlds two largest economi 7616 chars","As U.S. President Donald Trump heads to Beijing for a highly anticipated summit with Chinese President Xi Jinping, expectations around the visit between the leaders of the worlds two largest economi 7616 chars",positive,0.47,0.4951,0.4951,0.0251,0.4798,"[{'text': 'Trump', 'label': 'PERSON', 'label_desc': 'Person', 'start': 3, 'end': 8}, {'text': 'Xi', 'label': 'PERSON', 'label_desc': 'Person', 'start': 13, 'end': 15}, {'text': 'Beijing', 'label': 'GPE', 'label_desc': 'Country / City', 'start': 24, 'end': 31}, {'text': 'U.S', 'label': 'GPE', 'label_desc': 'Country / City', 'start': 153, 'end': 157}, {'text': 'Donald Trump', 'label': 'PERSON', 'label_desc': 'Person', 'start': 168, 'end': 180}, {'text': 'Xi Jinping', 'label': 'PERSON', 'label_desc': 'Person', 'start': 253, 'end': 263}]",,
AAPL,Intel Stock Surges 3.62% to $129.44 on Apple Deal Hopes and AI Momentum,"SANTA CLARA, Calif. Intel Corp. shares climbed sharply Monday, closing at $129.44, up $4.52 or 3.62%, as investor optimism swelled over a potential landmark manufacturing deal with Apple and continued strength in artificial intelligence-driven demand for it","SANTA CLARA, Calif. Intel Corp. shares climbed sharply Monday, closing at $129.44, up $4.52 or 3.62%, as investor optimism swelled over a potential landmark manufacturing deal with Apple and contin 6152 chars",Ibtimes.com.au,2026-05-12 07:54:24+00:00,https://www.ibtimes.com.au/intel-stock-surges-362-12944-apple-deal-hopes-ai-momentum-1868633,,"Intel Stock Surges 3.62% to $129.44 on Apple Deal Hopes and AI Momentum. Intel Stock Surges 3.62% to $129.44 on Apple Deal Hopes and AI Momentum. SANTA CLARA, Calif. Intel Corp. shares climbed sharply Monday, closing at $129.44, up $4.52 or 3.62%, as investor optimism swelled over a potential landmark manufacturing deal with Apple and contin 6152 chars","Intel Stock Surges 3.62% to $129.44 on Apple Deal Hopes and AI Momentum. Intel Stock Surges 3.62% to $129.44 on Apple Deal Hopes and AI Momentum. SANTA CLARA, Calif. Intel Corp. shares climbed sharply Monday, closing at $129.44, up $4.52 or 3.62%, as investor optimism swelled over a potential landmark manufacturing deal with Apple and contin 6152 chars","Intel Stock Surges 3.62% to $129.44 on Apple Deal Hopes and AI Momentum. Intel Stock Surges 3.62% to $129.44 on Apple Deal Hopes and AI Momentum. SANTA CLARA, Calif. Intel Corp. shares climbed sharply Monday, closing at $129.44, up $4.52 or 3.62%, as investor optimism swelled over a potential landmark manufacturing deal with Apple and contin 6152 chars","SANTA CLARA, Calif. Intel Corp. shares climbed sharply Monday, closing at $129.44, up $4.52 or 3.62%, as investor optimism swelled over a potential landmark manufacturing deal with Apple and contin 6152 chars",positive,0.8828,0.9285,0.9285,0.0456,0.0259,"[{'text': 'Intel', 'label': 'ORG', 'label_desc': 'Company / Organization', 'start': 0, 'end': 5}, {'text': '3.62%', 'label': 'PERCENT', 'label_desc': 'Percentage', 'start': 19, 'end': 24}, {'text': '129.44', 'label': 'MONEY', 'label_desc': 'Money Amount', 'start': 29, 'end': 35}, {'text': 'Apple', 'label': 'ORG', 'label_desc': 'Company / Organization', 'start': 39, 'end': 44}, {'text': 'AI Momentum', 'label': 'ORG', 'label_desc': 'Company / Organization', 'start': 60, 'end': 71}, {'text': 'SANTA CLARA', 'label': 'GPE', 'label_desc': 'Country / City', 'start': 146, 'end': 157}, {'text': 'Calif. Intel Corp', 'label': 'ORG', 'label_desc': 'Company / Organization', 'start': 159, 'end': 177}, {'text': 'Monday', 'label': 'DATE', 'label_desc': 'Date / Period', 'start': 201, 'end': 207}, {'text': '4.52', 'label': 'MONEY', 'label_desc': 'Money Amount', 'start': 233, 'end': 237}, {'text': '6152', 'label': 'DATE', 'label_desc': 'Date / Period', 'start': 344, 'end': 348}]","Intel, Apple, AI Momentum, Calif. Intel Corp",
AAPL,iOS 26.5 Latest Update 10 Game-Changing New Features Apple Just Dropped for iPhone,"CUPERTINO, Calif. Apple on Monday released iOS 26.5, rolling out the latest software update to hundreds of millions of iPhones worldwide with a focus on enhanced messaging security, smarter navigation and vibrant personalization options. The point release a","CUPERTINO, Calif. Apple on Monday released iOS 26.5, rolling out the latest software update to hundreds of millions of iPhones worldwide with a focus on enhanced messaging security, smarter navigat 6201 chars",Ibtimes.com.au,2026-05-12 07:33:11+00:00,https://www.ibtimes.com.au/ios-265-latest-update-10-game-changing-new-features-apple-just-dropped-iphone-1868622,,"iOS 26.5 Latest Update 10 Game-Changing New Features Apple Just Dropped for iPhone. iOS 26.5 Latest Update 10 Game-Changing New Features Apple Just Dropped for iPhone. CUPERTINO, Calif. Apple on Monday released iOS 26.5, rolling out the latest software update to hundreds of millions of iPhones worldwide with a focus on enhanced messaging security, smarter navigat 6201 chars","iOS 26.5 Latest Update 10 Game-Changing New Features Apple Just Dropped for iPhone. iOS 26.5 Latest Update 10 Game-Changing New Features Apple Just Dropped for iPhone. CUPERTINO, Calif. Apple on Monday released iOS 26.5, rolling out the latest software update to hundreds of millions of iPhones worldwide with a focus on enhanced messaging security, smarter navigat 6201 chars","iOS 26.5 Latest Update 10 Game-Changing New Features Apple Just Dropped for iPhone. iOS 26.5 Latest Update 10 Game-Changing New Features Apple Just Dropped for iPhone. CUPERTINO, Calif. Apple on Monday released iOS 26.5, rolling out the latest software update to hundreds of millions of iPhones worldwide with a focus on enhanced messaging security, smarter navigat 6201 chars","CUPERTINO, Calif. Apple on Monday released iOS 26.5, rolling out the latest software update to hundreds of millions of iPhones worldwide with a focus on enhanced messaging security, smarter navigat 6201 chars",neutral,0.1771,0.792,0.1926,0.0155,0.792,"[{'text': 'Latest Update', 'label': 'ORG', 'label_desc': 'Company / Organization', 'start': 9, 'end': 22}, {'text': 'CUPERTINO', 'label': 'GPE', 'label_desc': 'Country / City', 'start': 168, 'end': 177}, {'text': 'Calif', 'label': 'GPE', 'label_desc': 'Country / City', 'start': 179, 'end': 185}, {'text': 'Apple', 'label': 'ORG', 'label_desc': 'Company / Organization', 'start': 186, 'end': 191}, {'text': 'Monday', 'label': 'DATE', 'label_desc': 'Date / Period', 'start': 195, 'end': 201}, {'text': 'hundreds of millions', 'label': 'MONEY', 'label_desc': 'Money Amount', 'start': 263, 'end': 283}, {'text': 'iPhones', 'label': 'ORG', 'label_desc': 'Company / Organization', 'start': 287, 'end': 294}]","Latest Update, Apple, iPhones",
AAPL,NFC Chip Market Size to Worth USD 13.71 Billion by 2035 Research by SNS Insider,"Global NFC Chip Market Size, Share, Revenue Trends Segmentation, By Storage Capacity, Verticals, Application, End-Use Industry and Region Forecast 2035","Austin, May 12, 2026 GLOBE NEWSWIRE -- NFC Chip Market Size amp Growth Outlook According to the SNS Insider, The NFC Chip Market Size was valued at USD 3.58 Billion in 2025 and is expected to r 9173 chars",GlobeNewswire,2026-05-12 07:30:00+00:00,https://www.globenewswire.com/news-release/2026/05/12/3292509/0/en/NFC-Chip-Market-Size-to-Worth-USD-13-71-Billion-by-2035-Research-by-SNS-Insider.html,,"NFC Chip Market Size to Worth USD 13.71 Billion by 2035 Research by SNS Insider. NFC Chip Market Size to Worth USD 13.71 Billion by 2035 Research by SNS Insider. Austin, May 12, 2026 GLOBE NEWSWIRE -- NFC Chip Market Size amp Growth Outlook According to the SNS Insider, The NFC Chip Market Size was valued at USD 3.58 Billion in 2025 and is expected to r 9173 chars","NFC Chip Market Size to Worth USD 13.71 Billion by 2035 Research by SNS Insider. NFC Chip Market Size to Worth USD 13.71 Billion by 2035 Research by SNS Insider. Austin, May 12, 2026 GLOBE NEWSWIRE -- NFC Chip Market Size amp Growth Outlook According to the SNS Insider, The NFC Chip Market Size was valued at USD 3.58 Billion in 2025 and is expected to r 9173 chars","NFC Chip Market Size to Worth USD 13.71 Billion by 2035 Research by SNS Insider. NFC Chip Market Size to Worth USD 13.71 Billion by 2035 Research by SNS Insider. Austin, May 12, 2026 GLOBE NEWSWIRE -- NFC Chip Market Size amp Growth Outlook According to the SNS Insider, The NFC Chip Market Size was valued at USD 3.58 Billion in 2025 and is expected to r 9173 chars","Austin, May 12, 2026 GLOBE NEWSWIRE -- NFC Chip Market Size amp Growth Outlook According to the SNS Insider, The NFC Chip Market Size was valued at USD 3.58 Billion in 2025 and is expected to r 9173 chars",neutral,0.4415,0.537,0.4523,0.0107,0.537,"[{'text': 'NFC Chip Market Size', 'label': 'ORG', 'label_desc': 'Company / Organization', 'start': 0, 'end': 20}, {'text': 'Austin', 'label': 'PERSON', 'label_desc': 'Person', 'start': 162, 'end': 168}, {'text': 'May 12', 'label': 'DATE', 'label_desc': 'Date / Period', 'start': 170, 'end': 176}, {'text': '2026', 'label': 'DATE', 'label_desc': 'Date / Period', 'start': 178, 'end': 182}, {'text': 'GLOBE NEWSWIRE', 'label': 'ORG', 'label_desc': 'Company / Organization', 'start': 183, 'end': 197}, {'text': 'Outlook', 'label': 'PERSON', 'label_desc': 'Person', 'start': 233, 'end': 240}, {'text': 'the SNS Insider', 'label': 'ORG', 'label_desc': 'Company / Organization', 'start': 254, 'end': 269}, {'text': 'The NFC Chip Market Size', 'label': 'ORG', 'label_desc': 'Company / Organization', 'start': 271, 'end': 295}, {'text': 'USD 3.58 Billion', 'label': 'MONEY', 'label_desc': 'Money Amount', 'start': 310, 'end': 326}, {'text': '2025', 'label': 'DATE', 'label_desc': 'Date / Period', 'start': 330, 'end': 334}, {'text': '9173', 'label': 'DATE', 'label_desc': 'Date / Period', 'start': 356, 'end': 360}]","NFC Chip Market Size, GLOBE NEWSWIRE, the SNS Insider, The NFC Chip Market Size",
AAPL,Got One UI 8.5 update? Check out these top ten features,"Samsung has finally released the stable One UI 8.5 update after beta-testing it for over five months. The new update is now hitting older eligible Galaxy devices worldwide. If the update has landed on your Galaxy phone or tablet, you are in for a treat. From",Samsung has finally released the stable One UI 8.5 update after beta-testing it for over five months. The new update is now hitting older eligible Galaxy devices worldwide. If the update has landed o 5287 chars,SamMobile,2026-05-12 07:14:45+00:00,https://www.sammobile.com/news/one-ui-8-5-update-top-features/,,Got One UI 8.5 update? Check out these top ten features. Got One UI 8.5 update? Check out these top ten features. Samsung has finally released the stable One UI 8.5 update after beta-testing it for over five months. The new update is now hitting older eligible Galaxy devices worldwide. If the update has landed o 5287 chars,Got One UI 8.5 update? Check out these top ten features. Got One UI 8.5 update? Check out these top ten features. Samsung has finally released the stable One UI 8.5 update after beta-testing it for over five months. The new update is now hitting older eligible Galaxy devices worldwide. If the update has landed o 5287 chars,Got One UI 8.5 update Check out these top ten features. Got One UI 8.5 update Check out these top ten features. Samsung has finally released the stable One UI 8.5 update after beta-testing it for over five months. The new update is now hitting older eligible Galaxy devices worldwide. If the update has landed o 5287 chars,Samsung has finally released the stable One UI 8.5 update after beta-testing it for over five months. The new update is now hitting older eligible Galaxy devices worldwide. If the update has landed o 5287 chars,neutral,0.1035,0.8712,0.1162,0.0126,0.8712,"[{'text': 'Samsung', 'label': 'ORG', 'label_desc': 'Company / Organization', 'start': 112, 'end': 119}, {'text': 'over five months', 'label': 'DATE', 'label_desc': 'Date / Period', 'start': 196, 'end': 212}, {'text': '5287', 'label': 'DATE', 'label_desc': 'Date / Period', 'start': 312, 'end': 316}]",Samsung,
AAPL,Uday Kotak puts Indias troubles in perspective as the economy swings between hope and despair in the wake of Iran war,CII Annual Summit Uday Kotak issued a rallying cry for India to gear up for looming global challenges. He stressed upon the importance of a proactive stance rather than a wait-and-see approach for India to successfully navigate the current global turmoil.,"India may have been too much and too long in a comfort zone and even a little paranoia will help the country find powerful, permanent fixes for Iran-like crises, banking industry doyen and business t 2623 chars",The Times of India,2026-05-12 06:38:02+00:00,https://economictimes.indiatimes.com/news/economy/policy/uday-kotak-puts-indias-troubles-in-perspective-as-the-economy-swings-between-hope-and-despair-in-the-wake-of-iran-war/articleshow/131030595.cms,,"Uday Kotak puts Indias troubles in perspective as the economy swings between hope and despair in the wake of Iran war. Uday Kotak puts Indias troubles in perspective as the economy swings between hope and despair in the wake of Iran war. India may have been too much and too long in a comfort zone and even a little paranoia will help the country find powerful, permanent fixes for Iran-like crises, banking industry doyen and business t 2623 chars","Uday Kotak puts Indias troubles in perspective as the economy swings between hope and despair in the wake of Iran war. Uday Kotak puts Indias troubles in perspective as the economy swings between hope and despair in the wake of Iran war. India may have been too much and too long in a comfort zone and even a little paranoia will help the country find powerful, permanent fixes for Iran-like crises, banking industry doyen and business t 2623 chars","Uday Kotak puts Indias troubles in perspective as the economy swings between hope and despair in the wake of Iran war. Uday Kotak puts Indias troubles in perspective as the economy swings between hope and despair in the wake of Iran war. India may have been too much and too long in a comfort zone and even a little paranoia will help the country find powerful, permanent fixes for Iran-like crises, banking industry doyen and business t 2623 chars","India may have been too much and too long in a comfort zone and even a little paranoia will help the country find powerful, permanent fixes for Iran-like crises, banking industry doyen and business t 2623 chars",neutral,0.0768,0.703,0.1869,0.1101,0.703,"[{'text': 'Uday Kotak', 'label': 'PERSON', 'label_desc': 'Person', 'start': 0, 'end': 10}, {'text': 'Iran', 'label': 'GPE', 'label_desc': 'Country / City', 'start': 109, 'end': 113}, {'text': 'India', 'label': 'GPE', 'label_desc': 'Country / City', 'start': 238, 'end': 243}, {'text': '2623', 'label': 'DATE', 'label_desc': 'Date / Period', 'start': 438, 'end': 442}]",,
AAPL,CNBC Daily Open Can Starmer keep calm and carry on?,"U.K. Prime Minister Keir Starmer faces a crunch cabinet meeting this morning, after failing to quell a growing party rebellion.","Hello, this is Katie Foley writing to you from London, where Downing Street is dominating the agenda. U.K. Prime Minister Keir Starmer faces a crunch cabinet meeting this morning. His premiership se 2607 chars",CNBC,2026-05-12 06:31:09+00:00,https://www.cnbc.com/2026/05/12/cnbc-daily-open-can-starmer-keep-calm-and-carry-on.html,,"CNBC Daily Open Can Starmer keep calm and carry on?. CNBC Daily Open Can Starmer keep calm and carry on?. Hello, this is Katie Foley writing to you from London, where Downing Street is dominating the agenda. U.K. Prime Minister Keir Starmer faces a crunch cabinet meeting this morning. His premiership se 2607 chars","CNBC Daily Open Can Starmer keep calm and carry on?. CNBC Daily Open Can Starmer keep calm and carry on?. Hello, this is Katie Foley writing to you from London, where Downing Street is dominating the agenda. U.K. Prime Minister Keir Starmer faces a crunch cabinet meeting this morning. His premiership se 2607 chars","CNBC Daily Open Can Starmer keep calm and carry on . CNBC Daily Open Can Starmer keep calm and carry on . Hello, this is Katie Foley writing to you from London, where Downing Street is dominating the agenda. U.K. Prime Minister Keir Starmer faces a crunch cabinet meeting this morning. His premiership se 2607 chars","Hello, this is Katie Foley writing to you from London, where Downing Street is dominating the agenda. U.K. Prime Minister Keir Starmer faces a crunch cabinet meeting this morning. His premiership se 2607 chars",negative,-0.5366,0.5718,0.0353,0.5718,0.3929,"[{'text': 'CNBC', 'label': 'ORG', 'label_desc': 'Company / Organization', 'start': 0, 'end': 4}, {'text': 'Katie Foley', 'label': 'PERSON', 'label_desc': 'Person', 'start': 121, 'end': 132}, {'text': 'London', 'label': 'GPE', 'label_desc': 'Country / City', 'start': 153, 'end': 159}, {'text': 'U.K', 'label': 'GPE', 'label_desc': 'Country / City', 'start': 208, 'end': 212}, {'text': 'Keir Starmer', 'label': 'PERSON', 'label_desc': 'Person', 'start': 228, 'end': 240}, {'text': '2607', 'label': 'DATE', 'label_desc': 'Date / Period', 'start': 305, 'end': 309}]",CNBC,
AAPL,Forget iOS 27 for a MomentiPadOS 26.5 Just Changed the Game,"iPadOS 26.5 brings a robust set of updates aimed at enhancing the overall iPad experience. This mid-cycle release goes beyond routine bug fixes, focusing on improved customization, app functionality, and seamless accessory integration. Whether your iPad serve","iPadOS 26.5 brings a robust set of updates aimed at enhancing the overall iPad experience. This mid-cycle release goes beyond routine bug fixes, focusing on improved customization, app functionality, 5960 chars",Geeky Gadgets,2026-05-12 06:30:58+00:00,https://www.geeky-gadgets.com/ipados-26-5-new-features/,,"Forget iOS 27 for a MomentiPadOS 26.5 Just Changed the Game. Forget iOS 27 for a MomentiPadOS 26.5 Just Changed the Game. iPadOS 26.5 brings a robust set of updates aimed at enhancing the overall iPad experience. This mid-cycle release goes beyond routine bug fixes, focusing on improved customization, app functionality, 5960 chars","Forget iOS 27 for a MomentiPadOS 26.5 Just Changed the Game. Forget iOS 27 for a MomentiPadOS 26.5 Just Changed the Game. iPadOS 26.5 brings a robust set of updates aimed at enhancing the overall iPad experience. This mid-cycle release goes beyond routine bug fixes, focusing on improved customization, app functionality, 5960 chars","Forget iOS 27 for a MomentiPadOS 26.5 Just Changed the Game. Forget iOS 27 for a MomentiPadOS 26.5 Just Changed the Game. iPadOS 26.5 brings a robust set of updates aimed at enhancing the overall iPad experience. This mid-cycle release goes beyond routine bug fixes, focusing on improved customization, app functionality, 5960 chars","iPadOS 26.5 brings a robust set of updates aimed at enhancing the overall iPad experience. This mid-cycle release goes beyond routine bug fixes, focusing on improved customization, app functionality, 5960 chars",neutral,0.4826,0.4982,0.4922,0.0096,0.4982,"[{'text': 'iPad', 'label': 'ORG', 'label_desc': 'Company / Organization', 'start': 196, 'end': 200}, {'text': '5960', 'label': 'DATE', 'label_desc': 'Date / Period', 'start': 322, 'end': 326}]",iPad,
AAPL,South Koreas radical AI dividend proposal A bold future or a market nightmare?,"South Korea is discussing sharing the wealth generated by artificial intelligence. A government official suggested distributing AI profits, causing a stir in the stock market. Companies like Samsung and SK Hynix are seeing huge profits from AI chips. This mov",A senior South Korean policy official has sparked intense debate and a dramatic stock market swing by floating the idea of paying citizens a share of the economic windfall generated by artificial int 4516 chars,The Times of India,2026-05-12 06:13:37+00:00,https://economictimes.indiatimes.com/markets/us-stocks/news/south-koreas-radical-ai-dividend-proposal-a-bold-future-or-a-market-nightmare/articleshow/131030253.cms,,South Koreas radical AI dividend proposal A bold future or a market nightmare?. South Koreas radical AI dividend proposal A bold future or a market nightmare?. A senior South Korean policy official has sparked intense debate and a dramatic stock market swing by floating the idea of paying citizens a share of the economic windfall generated by artificial int 4516 chars,South Koreas radical AI dividend proposal A bold future or a market nightmare?. South Koreas radical AI dividend proposal A bold future or a market nightmare?. A senior South Korean policy official has sparked intense debate and a dramatic stock market swing by floating the idea of paying citizens a share of the economic windfall generated by artificial int 4516 chars,South Koreas radical AI dividend proposal A bold future or a market nightmare . South Koreas radical AI dividend proposal A bold future or a market nightmare . A senior South Korean policy official has sparked intense debate and a dramatic stock market swing by floating the idea of paying citizens a share of the economic windfall generated by artificial int 4516 chars,A senior South Korean policy official has sparked intense debate and a dramatic stock market swing by floating the idea of paying citizens a share of the economic windfall generated by artificial int 4516 chars,negative,-0.3916,0.5393,0.1476,0.5393,0.3131,"[{'text': 'South Koreas', 'label': 'GPE', 'label_desc': 'Country / City', 'start': 0, 'end': 12}, {'text': 'AI', 'label': 'ORG', 'label_desc': 'Company / Organization', 'start': 21, 'end': 23}]",AI,
AAPL,"Musk, Apples Cook, Boeing CEO going to China with Trump","Elon Musk, Apple CEO Tim Cook, GE Aerospaces Larry Culp and Boeing CEO Kelly Ortberg will join US President Donald Trump on his visit to China this week, a White House official told Reuters.","Elon Musk, Apple CEO Tim Cook, GE Aerospaces Larry Culp and Boeing CEO Kelly Ortberg will join US President Donald Trump on his visit to China this week, a White House official told Reuters. Others 2623 chars",RTE,2026-05-12 06:11:11+00:00,https://www.rte.ie/news/business/2026/0512/1572897-trump-trip-to-china/,,"Musk, Apples Cook, Boeing CEO going to China with Trump. Musk, Apples Cook, Boeing CEO going to China with Trump. Elon Musk, Apple CEO Tim Cook, GE Aerospaces Larry Culp and Boeing CEO Kelly Ortberg will join US President Donald Trump on his visit to China this week, a White House official told Reuters. Others 2623 chars","Musk, Apples Cook, Boeing CEO going to China with Trump. Musk, Apples Cook, Boeing CEO going to China with Trump. Elon Musk, Apple CEO Tim Cook, GE Aerospaces Larry Culp and Boeing CEO Kelly Ortberg will join US President Donald Trump on his visit to China this week, a White House official told Reuters. Others 2623 chars","Musk, Apples Cook, Boeing CEO going to China with Trump. Musk, Apples Cook, Boeing CEO going to China with Trump. Elon Musk, Apple CEO Tim Cook, GE Aerospaces Larry Culp and Boeing CEO Kelly Ortberg will join US President Donald Trump on his visit to China this week, a White House official told Reuters. Others 2623 chars","Elon Musk, Apple CEO Tim Cook, GE Aerospaces Larry Culp and Boeing CEO Kelly Ortberg will join US President Donald Trump on his visit to China this week, a White House official told Reuters. Others 2623 chars",neutral,0.0151,0.9417,0.0367,0.0216,0.9417,"[{'text': 'Apples Cook', 'label': 'PERSON', 'label_desc': 'Person', 'start': 6, 'end': 17}, {'text': 'Boeing', 'label': 'ORG', 'label_desc': 'Company / Organization', 'start': 19, 'end': 25}, {'text': 'China', 'label': 'GPE', 'label_desc': 'Country / City', 'start': 39, 'end': 44}, {'text': 'Trump', 'label': 'ORG', 'label_desc': 'Company / Organization', 'start': 50, 'end': 55}, {'text': 'Musk', 'label': 'PERSON', 'label_desc': 'Person', 'start': 57, 'end': 61}, {'text': 'Elon Musk', 'label': 'PERSON', 'label_desc': 'Person', 'start': 114, 'end': 123}, {'text': 'Apple', 'label': 'ORG', 'label_desc': 'Company / Organization', 'start': 125, 'end': 130}, {'text': 'Tim Cook', 'label': 'PERSON', 'label_desc': 'Person', 'start': 135, 'end': 143}, {'text': 'GE', 'label': 'ORG', 'label_desc': 'Company / Organization', 'start': 145, 'end': 147}, {'text': 'Larry Culp', 'label': 'PERSON', 'label_desc': 'Person', 'start': 159, 'end': 169}, {'text': 'Kelly Ortberg', 'label': 'PERSON', 'label_desc': 'Person', 'start': 185, 'end': 198}, {'text': 'US', 'label': 'GPE', 'label_desc': 'Country / City', 'start': 209, 'end': 211}, {'text': 'Donald Trump', 'label': 'PERSON', 'label_desc': 'Person', 'start': 222, 'end': 234}, {'text': 'this week', 'label': 'DATE', 'label_desc': 'Date / Period', 'start': 257, 'end': 266}, {'text': 'White House', 'label': 'ORG', 'label_desc': 'Company / Organization', 'start': 270, 'end': 281}, {'text': 'Reuters', 'label': 'ORG', 'label_desc': 'Company / Organization', 'start': 296, 'end': 303}, {'text': '2623', 'label': 'DATE', 'label_desc': 'Date / Period', 'start': 312, 'end': 316}]","Boeing, Trump, Apple, GE, White House",
AAPL,PostgreSQL365,"Whether youre a developer, DBA, or data analyst, PostgreSQL365 allows you to effortlessly manage multiple PostgreSQL database servers anytime, anywhere. No complex...","Whether youre a developer, DBA, or data analyst, PostgreSQL365 allows you to effortlessly manage multiple PostgreSQL database servers anytime, anywhere. No complex setup requiredconnect to your dat 2223 chars",Giveawayoftheday.com,2026-05-12 05:26:56+00:00,https://iphone.giveawayoftheday.com/postgresql365/,,"PostgreSQL365. PostgreSQL365. Whether youre a developer, DBA, or data analyst, PostgreSQL365 allows you to effortlessly manage multiple PostgreSQL database servers anytime, anywhere. No complex setup requiredconnect to your dat 2223 chars","PostgreSQL365. PostgreSQL365. Whether youre a developer, DBA, or data analyst, PostgreSQL365 allows you to effortlessly manage multiple PostgreSQL database servers anytime, anywhere. No complex setup requiredconnect to your dat 2223 chars","PostgreSQL365. PostgreSQL365. Whether youre a developer, DBA, or data analyst, PostgreSQL365 allows you to effortlessly manage multiple PostgreSQL database servers anytime, anywhere. No complex setup requiredconnect to your dat 2223 chars","Whether youre a developer, DBA, or data analyst, PostgreSQL365 allows you to effortlessly manage multiple PostgreSQL database servers anytime, anywhere. No complex setup requiredconnect to your dat 2223 chars",neutral,0.0292,0.9414,0.0439,0.0147,0.9414,"[{'text': 'DBA', 'label': 'ORG', 'label_desc': 'Company / Organization', 'start': 57, 'end': 60}, {'text': '2223', 'label': 'DATE', 'label_desc': 'Date / Period', 'start': 228, 'end': 232}]",DBA,
AAPL,"Apple-Intel Chip Deal Could Trigger €4.6 Billion Equipment Frenzy, With ASML Set to Cash In, Says BofA","A deal between Intel and Apple could lead to higher demand for chip manufacturing and bonding machines, suggests a report from Bank of America. Media reports have suggested that Apple and Intel have signed an agreement through which some of Apples chips woul","A deal between Intel and Apple could lead to higher demand for chip manufacturing and bonding machines, suggests a report from Bank of America. Media reports have suggested that Apple and Intel have 2301 chars",Wccftech,2026-05-12 05:09:51+00:00,https://wccftech.com/apple-intel-chip-deal-could-trigger-e4-6-billion-equipment-frenzy-with-asml-set-to-cash-in-says-bofa/,,"Apple-Intel Chip Deal Could Trigger €4.6 Billion Equipment Frenzy, With ASML Set to Cash In, Says BofA. Apple-Intel Chip Deal Could Trigger €4.6 Billion Equipment Frenzy, With ASML Set to Cash In, Says BofA. A deal between Intel and Apple could lead to higher demand for chip manufacturing and bonding machines, suggests a report from Bank of America. Media reports have suggested that Apple and Intel have 2301 chars","Apple-Intel Chip Deal Could Trigger €4.6 Billion Equipment Frenzy, With ASML Set to Cash In, Says BofA. Apple-Intel Chip Deal Could Trigger €4.6 Billion Equipment Frenzy, With ASML Set to Cash In, Says BofA. A deal between Intel and Apple could lead to higher demand for chip manufacturing and bonding machines, suggests a report from Bank of America. Media reports have suggested that Apple and Intel have 2301 chars","Apple-Intel Chip Deal Could Trigger €4.6 Billion Equipment Frenzy, With ASML Set to Cash In, Says BofA. Apple-Intel Chip Deal Could Trigger €4.6 Billion Equipment Frenzy, With ASML Set to Cash In, Says BofA. A deal between Intel and Apple could lead to higher demand for chip manufacturing and bonding machines, suggests a report from Bank of America. Media reports have suggested that Apple and Intel have 2301 chars","A deal between Intel and Apple could lead to higher demand for chip manufacturing and bonding machines, suggests a report from Bank of America. Media reports have suggested that Apple and Intel have 2301 chars",positive,0.8796,0.912,0.912,0.0324,0.0556,"[{'text': 'Apple-Intel Chip Deal', 'label': 'ORG', 'label_desc': 'Company / Organization', 'start': 0, 'end': 21}, {'text': '€4.6 Billion', 'label': 'MONEY', 'label_desc': 'Money Amount', 'start': 36, 'end': 48}, {'text': 'Intel', 'label': 'ORG', 'label_desc': 'Company / Organization', 'start': 223, 'end': 228}, {'text': 'Apple', 'label': 'ORG', 'label_desc': 'Company / Organization', 'start': 233, 'end': 238}, {'text': 'Bank of America', 'label': 'ORG', 'label_desc': 'Company / Organization', 'start': 335, 'end': 350}, {'text': '2301', 'label': 'DATE', 'label_desc': 'Date / Period', 'start': 407, 'end': 411}]","Apple-Intel Chip Deal, Intel, Apple, Bank of America",
AAPL,On Neutral Ground Why Content Licensing Needs Independent Settlement And Verifiable Payments,The content licensing economy has arrived faster than anyone expected. Microsoft and Amazon have both entered the marketplace business. Venture-backed startups like TollBit and ProRata have built infrastructure for publishers to license their content to LLMs.,The content licensing economy has arrived faster than anyone expected. Microsoft and Amazon have both entered the marketplace business. Venture-backed startups like TollBit and ProRata have built inf 6288 chars,AdExchanger,2026-05-12 04:35:10+00:00,http://www.adexchanger.com/data-driven-thinking/on-neutral-ground-why-content-licensing-needs-independent-settlement-and-verifiable-payments/,,On Neutral Ground Why Content Licensing Needs Independent Settlement And Verifiable Payments. On Neutral Ground Why Content Licensing Needs Independent Settlement And Verifiable Payments. The content licensing economy has arrived faster than anyone expected. Microsoft and Amazon have both entered the marketplace business. Venture-backed startups like TollBit and ProRata have built inf 6288 chars,On Neutral Ground Why Content Licensing Needs Independent Settlement And Verifiable Payments. On Neutral Ground Why Content Licensing Needs Independent Settlement And Verifiable Payments. The content licensing economy has arrived faster than anyone expected. Microsoft and Amazon have both entered the marketplace business. Venture-backed startups like TollBit and ProRata have built inf 6288 chars,On Neutral Ground Why Content Licensing Needs Independent Settlement And Verifiable Payments. On Neutral Ground Why Content Licensing Needs Independent Settlement And Verifiable Payments. The content licensing economy has arrived faster than anyone expected. Microsoft and Amazon have both entered the marketplace business. Venture-backed startups like TollBit and ProRata have built inf 6288 chars,The content licensing economy has arrived faster than anyone expected. Microsoft and Amazon have both entered the marketplace business. Venture-backed startups like TollBit and ProRata have built inf 6288 chars,neutral,0.3494,0.6234,0.363,0.0136,0.6234,"[{'text': 'Neutral Ground Why Content Licensing Needs Independent Settlement And Verifiable Payments', 'label': 'ORG', 'label_desc': 'Company / Organization', 'start': 3, 'end': 92}, {'text': 'Microsoft', 'label': 'ORG', 'label_desc': 'Company / Organization', 'start': 259, 'end': 268}, {'text': 'Amazon', 'label': 'ORG', 'label_desc': 'Company / Organization', 'start': 273, 'end': 279}, {'text': 'Venture', 'label': 'ORG', 'label_desc': 'Company / Organization', 'start': 324, 'end': 331}, {'text': 'TollBit', 'label': 'ORG', 'label_desc': 'Company / Organization', 'start': 353, 'end': 360}, {'text': 'ProRata', 'label': 'ORG', 'label_desc': 'Company / Organization', 'start': 365, 'end': 372}]","Neutral Ground Why Content Licensing Needs Independent Settlement And Verifiable Payments, Microsoft, Amazon, Venture, TollBit",
AAPL,"Geopolitics, crude oil, and a weak rupee send markets into a cautious open","Geopolitical tensions and rising crude oil prices weigh on markets, leading to a cautious open amid weak investor sentiment.","Markets opened lower on Tuesday, extending a three-session losing streak, as a cocktail of geopolitical tension, elevated crude oil prices, and a weakening rupee continued to sap investor confidence. 6260 chars",BusinessLine,2026-05-12 04:20:09+00:00,https://www.thehindubusinessline.com/markets/stock-markets/geopolitics-crude-oil-and-a-weak-rupee-send-markets-into-a-cautious-open/article70968249.ece,,"Geopolitics, crude oil, and a weak rupee send markets into a cautious open. Geopolitics, crude oil, and a weak rupee send markets into a cautious open. Markets opened lower on Tuesday, extending a three-session losing streak, as a cocktail of geopolitical tension, elevated crude oil prices, and a weakening rupee continued to sap investor confidence. 6260 chars","Geopolitics, crude oil, and a weak rupee send markets into a cautious open. Geopolitics, crude oil, and a weak rupee send markets into a cautious open. Markets opened lower on Tuesday, extending a three-session losing streak, as a cocktail of geopolitical tension, elevated crude oil prices, and a weakening rupee continued to sap investor confidence. 6260 chars","Geopolitics, crude oil, and a weak rupee send markets into a cautious open. Geopolitics, crude oil, and a weak rupee send markets into a cautious open. Markets opened lower on Tuesday, extending a three-session losing streak, as a cocktail of geopolitical tension, elevated crude oil prices, and a weakening rupee continued to sap investor confidence. 6260 chars","Markets opened lower on Tuesday, extending a three-session losing streak, as a cocktail of geopolitical tension, elevated crude oil prices, and a weakening rupee continued to sap investor confidence. 6260 chars",negative,-0.9482,0.9609,0.0127,0.9609,0.0264,"[{'text': 'Tuesday', 'label': 'DATE', 'label_desc': 'Date / Period', 'start': 176, 'end': 183}]",,
AAPL,Nvidia CEO Jensen Huang confirmed for Trump-Xi Beijing summit despite earlier reports,"Nvidias participation in the summit highlights the critical need for US-China tech trade clarity, impacting global market dynamics and investor sentiment. The post Nvidia CEO Jensen Huang confirmed for Trump-Xi Beijing summit despite earlier reports appeared",Huangs attendance at the May 14-15 summit carries major implications for Nvidias push to reclaim Chinas AI GPU market after years of export controls. Nvidia CEO Jensen Huang will attend the Trump- 2194 chars,Crypto Briefing,2026-05-12 03:59:28+00:00,https://cryptobriefing.com/nvidia-huang-trump-xi-beijing-summit/,,Nvidia CEO Jensen Huang confirmed for Trump-Xi Beijing summit despite earlier reports. Nvidia CEO Jensen Huang confirmed for Trump-Xi Beijing summit despite earlier reports. Huangs attendance at the May 14-15 summit carries major implications for Nvidias push to reclaim Chinas AI GPU market after years of export controls. Nvidia CEO Jensen Huang will attend the Trump- 2194 chars,Nvidia CEO Jensen Huang confirmed for Trump-Xi Beijing summit despite earlier reports. Nvidia CEO Jensen Huang confirmed for Trump-Xi Beijing summit despite earlier reports. Huangs attendance at the May 14-15 summit carries major implications for Nvidias push to reclaim Chinas AI GPU market after years of export controls. Nvidia CEO Jensen Huang will attend the Trump- 2194 chars,Nvidia CEO Jensen Huang confirmed for Trump-Xi Beijing summit despite earlier reports. Nvidia CEO Jensen Huang confirmed for Trump-Xi Beijing summit despite earlier reports. Huangs attendance at the May 14-15 summit carries major implications for Nvidias push to reclaim Chinas AI GPU market after years of export controls. Nvidia CEO Jensen Huang will attend the Trump- 2194 chars,Huangs attendance at the May 14-15 summit carries major implications for Nvidias push to reclaim Chinas AI GPU market after years of export controls. Nvidia CEO Jensen Huang will attend the Trump- 2194 chars,neutral,0.0997,0.7949,0.1524,0.0527,0.7949,"[{'text': 'Nvidia', 'label': 'ORG', 'label_desc': 'Company / Organization', 'start': 0, 'end': 6}, {'text': 'Jensen Huang', 'label': 'PERSON', 'label_desc': 'Person', 'start': 11, 'end': 23}, {'text': 'Trump-Xi Beijing', 'label': 'ORG', 'label_desc': 'Company / Organization', 'start': 38, 'end': 54}, {'text': 'Huangs', 'label': 'ORG', 'label_desc': 'Company / Organization', 'start': 174, 'end': 180}, {'text': 'May 14-15', 'label': 'DATE', 'label_desc': 'Date / Period', 'start': 199, 'end': 208}, {'text': 'Nvidias', 'label': 'PERSON', 'label_desc': 'Person', 'start': 247, 'end': 254}, {'text': 'Chinas AI GPU', 'label': 'ORG', 'label_desc': 'Company / Organization', 'start': 271, 'end': 284}, {'text': 'years', 'label': 'DATE', 'label_desc': 'Date / Period', 'start': 298, 'end': 303}, {'text': 'Trump- 2194', 'label': 'DATE', 'label_desc': 'Date / Period', 'start': 364, 'end': 375}]","Nvidia, Trump-Xi Beijing, Huangs, Chinas AI GPU",
AAPL,Apples foldable iPhone Ultra may launch with just two color options,Supply chain sources suggest Apple will keep color choices minimal for its first folding smartphone,"Apples first foldable iPhone, expected to be called the iPhone Ultra, will likely launch with just two color options when it arrives in 2026. Multiple sources point to a deliberately restrained co 2612 chars",Intomobile.com,2026-05-12 03:55:20+00:00,https://www.intomobile.com/2026/05/11/apples-foldable-iphone-ultra-may-launch-with-just-two-color-options/,,"Apples foldable iPhone Ultra may launch with just two color options. Apples foldable iPhone Ultra may launch with just two color options. Apples first foldable iPhone, expected to be called the iPhone Ultra, will likely launch with just two color options when it arrives in 2026. Multiple sources point to a deliberately restrained co 2612 chars","Apples foldable iPhone Ultra may launch with just two color options. Apples foldable iPhone Ultra may launch with just two color options. Apples first foldable iPhone, expected to be called the iPhone Ultra, will likely launch with just two color options when it arrives in 2026. Multiple sources point to a deliberately restrained co 2612 chars","Apples foldable iPhone Ultra may launch with just two color options. Apples foldable iPhone Ultra may launch with just two color options. Apples first foldable iPhone, expected to be called the iPhone Ultra, will likely launch with just two color options when it arrives in 2026. Multiple sources point to a deliberately restrained co 2612 chars","Apples first foldable iPhone, expected to be called the iPhone Ultra, will likely launch with just two color options when it arrives in 2026. Multiple sources point to a deliberately restrained co 2612 chars",neutral,0.0326,0.9125,0.0601,0.0275,0.9125,"[{'text': 'iPhone', 'label': 'ORG', 'label_desc': 'Company / Organization', 'start': 160, 'end': 166}, {'text': '2026', 'label': 'DATE', 'label_desc': 'Date / Period', 'start': 274, 'end': 278}, {'text': '2612', 'label': 'DATE', 'label_desc': 'Date / Period', 'start': 335, 'end': 339}]",iPhone,
AAPL,Legacies Are Built with Alloys,"Spring has a small. The formula presents itself when the faint smell of cherry blossoms mixes with fresh rain. You can smell the dew. Photo development has a smell. The formula presents itself as a cross between dust, must, photo chemicals, and the curious s",Spring has a small. The formula presents itself when the faint smell of cherry blossoms mixes with fresh rain. You can smell the dew. Photo development has a smell. The formula presents itself as a 16136 chars,Provideocoalition.com,2026-05-12 03:31:14+00:00,https://www.provideocoalition.com/legacies-are-built-with-alloys/,,Legacies Are Built with Alloys. Legacies Are Built with Alloys. Spring has a small. The formula presents itself when the faint smell of cherry blossoms mixes with fresh rain. You can smell the dew. Photo development has a smell. The formula presents itself as a 16136 chars,Legacies Are Built with Alloys. Legacies Are Built with Alloys. Spring has a small. The formula presents itself when the faint smell of cherry blossoms mixes with fresh rain. You can smell the dew. Photo development has a smell. The formula presents itself as a 16136 chars,Legacies Are Built with Alloys. Legacies Are Built with Alloys. Spring has a small. The formula presents itself when the faint smell of cherry blossoms mixes with fresh rain. You can smell the dew. Photo development has a smell. The formula presents itself as a 16136 chars,Spring has a small. The formula presents itself when the faint smell of cherry blossoms mixes with fresh rain. You can smell the dew. Photo development has a smell. The formula presents itself as a 16136 chars,neutral,0.0035,0.9429,0.0303,0.0268,0.9429,"[{'text': 'Alloys', 'label': 'PERSON', 'label_desc': 'Person', 'start': 56, 'end': 62}, {'text': 'Spring', 'label': 'DATE', 'label_desc': 'Date / Period', 'start': 64, 'end': 70}, {'text': '16136', 'label': 'DATE', 'label_desc': 'Date / Period', 'start': 262, 'end': 267}]",,
AAPL,AI wins have Alphabet poised to become worlds biggest company,"Alphabet is rapidly closing in on Nvidia for the title of the worlds largest company. Alphabets strong presence in AI, from search to cloud and its own AI models, positions it for significant growth. Investors see Alphabets diversified business as a key ad","Over the past year, Alphabet has gone from an artificial intelligence afterthought to the one firm in the market with dominant positions in nearly every aspect of the technology. Now its on the brink 5258 chars",The Times of India,2026-05-12 03:15:58+00:00,https://economictimes.indiatimes.com/tech/technology/ai-wins-have-alphabet-poised-to-become-worlds-biggest-company/articleshow/131027505.cms,,"AI wins have Alphabet poised to become worlds biggest company. AI wins have Alphabet poised to become worlds biggest company. Over the past year, Alphabet has gone from an artificial intelligence afterthought to the one firm in the market with dominant positions in nearly every aspect of the technology. Now its on the brink 5258 chars","AI wins have Alphabet poised to become worlds biggest company. AI wins have Alphabet poised to become worlds biggest company. Over the past year, Alphabet has gone from an artificial intelligence afterthought to the one firm in the market with dominant positions in nearly every aspect of the technology. Now its on the brink 5258 chars","AI wins have Alphabet poised to become worlds biggest company. AI wins have Alphabet poised to become worlds biggest company. Over the past year, Alphabet has gone from an artificial intelligence afterthought to the one firm in the market with dominant positions in nearly every aspect of the technology. Now its on the brink 5258 chars","Over the past year, Alphabet has gone from an artificial intelligence afterthought to the one firm in the market with dominant positions in nearly every aspect of the technology. Now its on the brink 5258 chars",neutral,0.1176,0.8251,0.1462,0.0286,0.8251,"[{'text': 'AI', 'label': 'ORG', 'label_desc': 'Company / Organization', 'start': 0, 'end': 2}, {'text': 'Alphabet', 'label': 'GPE', 'label_desc': 'Country / City', 'start': 13, 'end': 21}, {'text': 'the past year', 'label': 'DATE', 'label_desc': 'Date / Period', 'start': 131, 'end': 144}, {'text': '5258', 'label': 'DATE', 'label_desc': 'Date / Period', 'start': 326, 'end': 330}]",AI,
AAPL,AI wins have Alphabet poised to become worlds biggest company,"Alphabet Inc. is rapidly closing in on Nvidia Corp. for the title of the worlds largest company. Alphabets strong presence in AI, from search to cloud and its own AI models, positions it for significant growth. Investors see Alphabets diversified business","Over the past year, Alphabet has gone from an artificial intelligence afterthought to the one firm in the market with dominant positions in nearly every aspect of the technology. Now its on the brink 5258 chars",The Times of India,2026-05-12 03:15:58+00:00,https://economictimes.indiatimes.com/tech/artificial-intelligence/ai-wins-have-alphabet-poised-to-become-worlds-biggest-company/articleshow/131027510.cms,,"AI wins have Alphabet poised to become worlds biggest company. AI wins have Alphabet poised to become worlds biggest company. Over the past year, Alphabet has gone from an artificial intelligence afterthought to the one firm in the market with dominant positions in nearly every aspect of the technology. Now its on the brink 5258 chars","AI wins have Alphabet poised to become worlds biggest company. AI wins have Alphabet poised to become worlds biggest company. Over the past year, Alphabet has gone from an artificial intelligence afterthought to the one firm in the market with dominant positions in nearly every aspect of the technology. Now its on the brink 5258 chars","AI wins have Alphabet poised to become worlds biggest company. AI wins have Alphabet poised to become worlds biggest company. Over the past year, Alphabet has gone from an artificial intelligence afterthought to the one firm in the market with dominant positions in nearly every aspect of the technology. Now its on the brink 5258 chars","Over the past year, Alphabet has gone from an artificial intelligence afterthought to the one firm in the market with dominant positions in nearly every aspect of the technology. Now its on the brink 5258 chars",neutral,0.1176,0.8251,0.1462,0.0286,0.8251,"[{'text': 'AI', 'label': 'ORG', 'label_desc': 'Company / Organization', 'start': 0, 'end': 2}, {'text': 'Alphabet', 'label': 'GPE', 'label_desc': 'Country / City', 'start': 13, 'end': 21}, {'text': 'the past year', 'label': 'DATE', 'label_desc': 'Date / Period', 'start': 131, 'end': 144}, {'text': '5258', 'label': 'DATE', 'label_desc': 'Date / Period', 'start': 326, 'end': 330}]",AI,
AAPL,Part Cinq Dresses to Flatter Your Silhouette And Style How to Build a Wardrobe to Love and Live in Every Day,"No matter how casual our everydays may be, having a dress, two, three, or even four that you can depend on for looking appropriate for the occasion, but also feel entirely yourself, is an absolute necessity. Nope, not a luxury. The tricky part often becomes",Thank you for reading TSLL. The first two posts are complimentary. You have 1 free post view remaining this month. Become a Member for as little as $4mo and enjoy unlimited reading of TSLL blog. No 22869 chars,Thesimplyluxuriouslife.com,2026-05-12 03:00:00+00:00,https://thesimplyluxuriouslife.com/wardrobep5/,,Part Cinq Dresses to Flatter Your Silhouette And Style How to Build a Wardrobe to Love and Live in Every Day. Part Cinq Dresses to Flatter Your Silhouette And Style How to Build a Wardrobe to Love and Live in Every Day. Thank you for reading TSLL. The first two posts are complimentary. You have 1 free post view remaining this month. Become a Member for as little as $4mo and enjoy unlimited reading of TSLL blog. No 22869 chars,Part Cinq Dresses to Flatter Your Silhouette And Style How to Build a Wardrobe to Love and Live in Every Day. Part Cinq Dresses to Flatter Your Silhouette And Style How to Build a Wardrobe to Love and Live in Every Day. Thank you for reading TSLL. The first two posts are complimentary. You have 1 free post view remaining this month. Become a Member for as little as $4mo and enjoy unlimited reading of TSLL blog. No 22869 chars,Part Cinq Dresses to Flatter Your Silhouette And Style How to Build a Wardrobe to Love and Live in Every Day. Part Cinq Dresses to Flatter Your Silhouette And Style How to Build a Wardrobe to Love and Live in Every Day. Thank you for reading TSLL. The first two posts are complimentary. You have 1 free post view remaining this month. Become a Member for as little as $4mo and enjoy unlimited reading of TSLL blog. No 22869 chars,Thank you for reading TSLL. The first two posts are complimentary. You have 1 free post view remaining this month. Become a Member for as little as $4mo and enjoy unlimited reading of TSLL blog. No 22869 chars,neutral,0.0357,0.9314,0.0521,0.0164,0.9314,"[{'text': 'Flatter Your Silhouette', 'label': 'PERSON', 'label_desc': 'Person', 'start': 21, 'end': 44}, {'text': 'TSLL', 'label': 'ORG', 'label_desc': 'Company / Organization', 'start': 242, 'end': 246}, {'text': 'this month', 'label': 'DATE', 'label_desc': 'Date / Period', 'start': 323, 'end': 333}, {'text': 'as little as $4mo', 'label': 'MONEY', 'label_desc': 'Money Amount', 'start': 355, 'end': 372}, {'text': '22869', 'label': 'DATE', 'label_desc': 'Date / Period', 'start': 418, 'end': 423}]",TSLL,
AAPL,Stripes New Zealand revenue jumps 26% after opening local office,"Tech giant continues its local surge, tax advocate has questions.",2025 $229.3m 2024 $181.7m2023 $132.8m2022 $112.6m2021 $89.1m2020 $62.9m2019 $31.2m2018 $16.0m Income tax expe 3801 chars,New Zealand Herald,2026-05-12 03:00:00+00:00,https://www.nzherald.co.nz/business/stripes-new-zealand-revenue-jumps-26-after-opening-local-office/premium/MSRPOWXJF5FVFOKKI6P3RAG7AI/,,Stripes New Zealand revenue jumps 26% after opening local office. Stripes New Zealand revenue jumps 26% after opening local office. 2025 $229.3m 2024 $181.7m2023 $132.8m2022 $112.6m2021 $89.1m2020 $62.9m2019 $31.2m2018 $16.0m Income tax expe 3801 chars,Stripes New Zealand revenue jumps 26% after opening local office. Stripes New Zealand revenue jumps 26% after opening local office. 2025 $229.3m 2024 $181.7m2023 $132.8m2022 $112.6m2021 $89.1m2020 $62.9m2019 $31.2m2018 $16.0m Income tax expe 3801 chars,Stripes New Zealand revenue jumps 26% after opening local office. Stripes New Zealand revenue jumps 26% after opening local office. 2025 $229.3m 2024 $181.7m2023 $132.8m2022 $112.6m2021 $89.1m2020 $62.9m2019 $31.2m2018 $16.0m Income tax expe 3801 chars,2025 $229.3m 2024 $181.7m2023 $132.8m2022 $112.6m2021 $89.1m2020 $62.9m2019 $31.2m2018 $16.0m Income tax expe 3801 chars,positive,0.5703,0.6328,0.6328,0.0626,0.3046,"[{'text': 'New Zealand', 'label': 'GPE', 'label_desc': 'Country / City', 'start': 8, 'end': 19}, {'text': '26%', 'label': 'PERCENT', 'label_desc': 'Percentage', 'start': 34, 'end': 37}, {'text': '2025 $229.3', 'label': 'MONEY', 'label_desc': 'Money Amount', 'start': 132, 'end': 143}, {'text': '2024', 'label': 'DATE', 'label_desc': 'Date / Period', 'start': 145, 'end': 149}, {'text': '$112.6m2021 $89.1m2020 $', 'label': 'MONEY', 'label_desc': 'Money Amount', 'start': 174, 'end': 198}, {'text': '16.0', 'label': 'MONEY', 'label_desc': 'Money Amount', 'start': 220, 'end': 224}]",,
AAPL,"CNBC Daily Open Iran ceasefire on life support, but market volatility alive and kicking","Despite claiming that Irans military is defeated and that Washington has all the cards in the conflict, Trump has yet to force Tehran to come to a deal.","Hello, this is Hui Jie writing to you from Singapore. Welcome to another edition of CNBCs Daily Open. After weeks of insisting that the Iran ceasefire remained intact despite both sides continuing 3371 chars",CNBC,2026-05-12 01:26:37+00:00,https://www.cnbc.com/2026/05/12/cnbc-daily-open-iran-ceasefire-life-support-us-china-summit-oil-prices.html,,"CNBC Daily Open Iran ceasefire on life support, but market volatility alive and kicking. CNBC Daily Open Iran ceasefire on life support, but market volatility alive and kicking. Hello, this is Hui Jie writing to you from Singapore. Welcome to another edition of CNBCs Daily Open. After weeks of insisting that the Iran ceasefire remained intact despite both sides continuing 3371 chars","CNBC Daily Open Iran ceasefire on life support, but market volatility alive and kicking. CNBC Daily Open Iran ceasefire on life support, but market volatility alive and kicking. Hello, this is Hui Jie writing to you from Singapore. Welcome to another edition of CNBCs Daily Open. After weeks of insisting that the Iran ceasefire remained intact despite both sides continuing 3371 chars","CNBC Daily Open Iran ceasefire on life support, but market volatility alive and kicking. CNBC Daily Open Iran ceasefire on life support, but market volatility alive and kicking. Hello, this is Hui Jie writing to you from Singapore. Welcome to another edition of CNBCs Daily Open. After weeks of insisting that the Iran ceasefire remained intact despite both sides continuing 3371 chars","Hello, this is Hui Jie writing to you from Singapore. Welcome to another edition of CNBCs Daily Open. After weeks of insisting that the Iran ceasefire remained intact despite both sides continuing 3371 chars",neutral,0.1597,0.7648,0.1974,0.0377,0.7648,"[{'text': 'CNBC Daily Open', 'label': 'ORG', 'label_desc': 'Company / Organization', 'start': 0, 'end': 15}, {'text': 'Iran', 'label': 'GPE', 'label_desc': 'Country / City', 'start': 16, 'end': 20}, {'text': 'CNBC', 'label': 'ORG', 'label_desc': 'Company / Organization', 'start': 89, 'end': 93}, {'text': 'Hui Jie', 'label': 'PERSON', 'label_desc': 'Person', 'start': 193, 'end': 200}, {'text': 'Singapore', 'label': 'GPE', 'label_desc': 'Country / City', 'start': 221, 'end': 230}, {'text': 'CNBCs Daily Open', 'label': 'ORG', 'label_desc': 'Company / Organization', 'start': 262, 'end': 278}, {'text': 'weeks', 'label': 'DATE', 'label_desc': 'Date / Period', 'start': 286, 'end': 291}]","CNBC Daily Open, CNBC, CNBCs Daily Open",
AAPL,PancakeSwap X lists tokenized RWAs including AAPLX and NVDAX,"PancakeSwap Xs tokenized RWAs on BNB Chain could redefine DeFis role in traditional finance, enhancing accessibility and liquidity. The post PancakeSwap X lists tokenized RWAs including AAPLX and NVDAX appeared first on Crypto Briefing.","The BNB Chain-based perpetual trading platform now offers over 60 tokenized real-world assets, letting DeFi traders go long or short on Apple, NVIDIA, and dozens more with up to 25x leverage. You can 2245 chars",Crypto Briefing,2026-05-12 01:22:47+00:00,https://cryptobriefing.com/pancakeswap-x-tokenized-rwa-stocks/,,"PancakeSwap X lists tokenized RWAs including AAPLX and NVDAX. PancakeSwap X lists tokenized RWAs including AAPLX and NVDAX. The BNB Chain-based perpetual trading platform now offers over 60 tokenized real-world assets, letting DeFi traders go long or short on Apple, NVIDIA, and dozens more with up to 25x leverage. You can 2245 chars","PancakeSwap X lists tokenized RWAs including AAPLX and NVDAX. PancakeSwap X lists tokenized RWAs including AAPLX and NVDAX. The BNB Chain-based perpetual trading platform now offers over 60 tokenized real-world assets, letting DeFi traders go long or short on Apple, NVIDIA, and dozens more with up to 25x leverage. You can 2245 chars","PancakeSwap X lists tokenized RWAs including AAPLX and NVDAX. PancakeSwap X lists tokenized RWAs including AAPLX and NVDAX. The BNB Chain-based perpetual trading platform now offers over 60 tokenized real-world assets, letting DeFi traders go long or short on Apple, NVIDIA, and dozens more with up to 25x leverage. You can 2245 chars","The BNB Chain-based perpetual trading platform now offers over 60 tokenized real-world assets, letting DeFi traders go long or short on Apple, NVIDIA, and dozens more with up to 25x leverage. You can 2245 chars",neutral,0.0373,0.9334,0.0519,0.0147,0.9334,"[{'text': 'AAPLX', 'label': 'ORG', 'label_desc': 'Company / Organization', 'start': 45, 'end': 50}, {'text': 'NVDAX', 'label': 'ORG', 'label_desc': 'Company / Organization', 'start': 55, 'end': 60}, {'text': 'Apple', 'label': 'ORG', 'label_desc': 'Company / Organization', 'start': 260, 'end': 265}, {'text': 'NVIDIA', 'label': 'ORG', 'label_desc': 'Company / Organization', 'start': 267, 'end': 273}, {'text': '2245', 'label': 'DATE', 'label_desc': 'Date / Period', 'start': 324, 'end': 328}]","AAPLX, NVDAX, Apple, NVIDIA",
AAPL,Mamdanis big NYC budget will include placeholder funding because of Dem-fueled delays,"Hes being placeholder-ed in an awkward position. Mayor Zohran Mamdani could be forced to release his executive budget Tuesday with placeholder estimates on key sources of revenue, after he tried to rely on dysfunction-riddled Albany to reach a deal on its","Skip to comments. Mamdanis big NYC budget will include placeholder funding because of Dem-fueled delaysNY Post 51126 Vaughn Golden, Matthew Fischetti, Matt Troutman Posted on 05112026 3031 chars",Freerepublic.com,2026-05-12 00:36:29+00:00,https://freerepublic.com/focus/f-chat/4378789/posts,,"Mamdanis big NYC budget will include placeholder funding because of Dem-fueled delays. Mamdanis big NYC budget will include placeholder funding because of Dem-fueled delays. Skip to comments. Mamdanis big NYC budget will include placeholder funding because of Dem-fueled delaysNY Post 51126 Vaughn Golden, Matthew Fischetti, Matt Troutman Posted on 05112026 3031 chars","Mamdanis big NYC budget will include placeholder funding because of Dem-fueled delays. Mamdanis big NYC budget will include placeholder funding because of Dem-fueled delays. Skip to comments. Mamdanis big NYC budget will include placeholder funding because of Dem-fueled delaysNY Post 51126 Vaughn Golden, Matthew Fischetti, Matt Troutman Posted on 05112026 3031 chars","Mamdanis big NYC budget will include placeholder funding because of Dem-fueled delays. Mamdanis big NYC budget will include placeholder funding because of Dem-fueled delays. Skip to comments. Mamdanis big NYC budget will include placeholder funding because of Dem-fueled delaysNY Post 51126 Vaughn Golden, Matthew Fischetti, Matt Troutman Posted on 05112026 3031 chars","Skip to comments. Mamdanis big NYC budget will include placeholder funding because of Dem-fueled delaysNY Post 51126 Vaughn Golden, Matthew Fischetti, Matt Troutman Posted on 05112026 3031 chars",neutral,-0.02,0.9351,0.0225,0.0424,0.9351,"[{'text': 'Post 51126 Vaughn Golden', 'label': 'PRODUCT', 'label_desc': 'Product / Service', 'start': 280, 'end': 304}, {'text': 'Matthew Fischetti', 'label': 'PERSON', 'label_desc': 'Person', 'start': 306, 'end': 323}, {'text': 'Matt Troutman', 'label': 'PERSON', 'label_desc': 'Person', 'start': 325, 'end': 338}, {'text': '05112026 3031', 'label': 'DATE', 'label_desc': 'Date / Period', 'start': 349, 'end': 362}]",,
